task_id	intent	query_num	query	tsatisfaction	qsatisfaction	evaluation
1	在学校看到了很多绽开的迎春花，想在网上查找一些关于迎春花的图片。	1	迎春花	4	4	AFG
2	近期打算去庐山旅行，想浏览一下庐山的照片，顺便看一下地理位置。	5	庐山;江西庐山地图;江西庐山地图;江西庐山地图;庐山瀑布	4	4;3;3;3;4	AFG
3	由于实验需要购买比色皿槽，了解一下紫外分光光度计的结构和比色皿的规格。	6	紫外可见分光光度计 比色皿;紫外可见分光光度计 比色皿槽;紫外可见分光光度计 比色皿架;紫外可见分光光度计 结构;长光程比色皿架;长光程比色皿架	3	4;4;4;4;4;4	AH
4	最近正在计划五一的出行，所以搜索了一下湖南的旅游景点分布。	6	庐山;庐山;庐山;湖南地图;湖南旅游地图;湖南旅游景点分布	3	4;4;4;3;2;2	AEF
5	实验需要使用恒温箱，了解一下它的结构和外形。	4	微型恒温箱;微型控温箱;微型恒温箱;恒温箱	3	3;2;2;2	AEH
6	查看一下长沙的行政区划图，准备五一出行。	5	长沙行政区划;长沙行政区划图;长沙市行政区划图;长沙市行政区;长沙市地图	2	1;2;2;2;2	AEF
7	准备查找下一个旅游地点，在惠州和扬州之间进行选择，所以看一下图片。	3	惠州旅游;惠州西湖;扬州	5	5;5;5	ACF
8	想了解一下扬州的风景情况。	1	扬州	4	4	AFG
9	想看一下日本公主的照片	1	日本公主	4	4	ABF
10	想看一下日本佳子公主的照片	2	日本公主佳子;日本公主佳子	4	4;4	AEF
11	想查找一下珠海机场到火车站的地图。	3	珠海地图;珠海地图 机场;珠海交通地图	4	3;3;4	AEH
12	想查找一张谭松韵比较好看的照片。	3	耿耿;耿耿;耿耿	4	5;4;4	AEF
13	查找剧照	2	迷途的羔羊;迷途的羔羊 剧照	1	1;2	AEF
14	查看一下宋茜的写真照片	2	宋茜;宋茜 写真	5	5;4	AEF
15	今天下午由于课程需要在教室查找资料	1	雄安新区地图全图	2	2	AE
16	调研之前希望找到行政区划图，进行改绘并带到现场作为调研标注材料	2	白洋淀行政区位图;白洋淀村镇地图	1	1;1	AE
17	做一个儿童店面的设计，希望找一些图片作为家具设计的参考	3	儿童柜子;儿童柜子;小房子装饰柜	3	4;5;2	ABG
18	恰好看到清明节的百度壁纸 所以打开看了看相关的图片	3	清明节;清明节;清明节习俗	4	4;4;4	BG
19	刚从白洋淀调研回来，所以找一下纪念馆照片资料	1	白洋淀抗日纪念馆	4	4	AB
20	做PPT需要查找图片，关于传统农业、现代农业和原始农业的代表图片	3	现代农业;传统农业;原始农业	5	5;5;3	AEG
21	做PPT需要能说明分层鱼类养殖技术原理的示意图	7	立体养鱼;生态养鱼示意图;立体养鱼示意图;分层养鱼示意图;分层养殖示意图;立体型水面混养模式;立体型水面混养模式	2	2;2;2;2;2;3;2	ABG
22	做PPT需要用到展示陆地上分层种养的生态农业模式的图片	1	立体种养	4	4	ABG
23	因为上课需要 寻找雄安新区规划范围边界示意图	2	雄安新区2000公里;雄安新区2000公里范围	2	2;2	AH
24	做小学改造设计 需要做室外设计找参考图	3	轮胎公园;轮胎利用;轮胎景观	5	5;1;5	ABG
25	做儿童教室设计改造 需要照片墙参考资料	3	照片墙;照片墙;麻绳装饰墙	4	4;2;5	ABG
26	因为家里在关注比亚迪电动车 所以想看下一代二代的对比和区别	3	比亚迪秦二代;比亚迪秦二代对比;比亚迪秦一二代对比	3	4;2;2	AH
27	做小学改造设计的时候 以前看到北大废弃物花园的案例 希望找出来参考	4	北京大学 自行车景观;北京大学自行车花园;北大花园;北京大学 自行车花园	1	2;2;2;1	AH
28	在做轮胎花园设计以及一些细节设计的时候希望找一些案例图片作为参考	5	河南轮胎创意;废弃物景观;微型城市;废物打造微型城市;废弃物玩具	5	5;5;2;2;2	ABG
29	做PPT需要一个有两个正反对称山峰的抽象示意图，所以希望在网上找到	5	正负波峰波谷;波峰波谷;正负峰;线形山峰;抽象山峰	1	1;1;1;1;1	AG
30	做这里的码头设计，设计前期调研需要查找公园现状照片	3	求仙入海处;秦皇求仙入海处;求仙入海处	4	5;4;4	AB
31	码头设计用到了廊桥 希望找一些古建筑照片进行参考 或者找到“复道行空”这样图景的意向图（不知为什么照片搜索结果没有被记录下来）	3	古风廊桥;廊桥;复道行空	4	4;4;1	AB
32	在研究国家公园定位的时候需要对云南普达措地区有一个直观地理解	1	云南香格里拉普达措	4	4	AB
33	因为要对一处秦汉风格的景点进行景观设计，所以我需要查询一些带有秦汉元素的码头、栈桥等设计案例来作为参考	10	古风码头案例;古码头案例;柳州市窑埠古渡码头;古码头案例;秦港;古码头;码头设计;栈桥设计;秦码头;仿古栈桥设计	4	3;3;4;1;1;4;4;2;3;3	ABG
34	需要找到比较清晰的波士顿翡翠公园的图纸，作为案例参考。	4	翡翠项链;森林翡翠项链;翡翠项链体系;波士顿公园体系	3	2;2;4;5	AE
35	对上海后滩公园进行案例研究需要相关图片	2	后滩公园;后滩公园俞孔坚	4	4;5	ABE
36	下午在朋友圈看到一个很好看的戴阿米蓝色彩墨，想知道是什么名字，并且保存一张试色图	3	戴阿米蓝色;戴阿米蓝色试色图;戴阿米蓝色	3	2;4;2	ACF
37	假期准备买一台新电脑，主要倾向surface系列，想直观了解一下大小、厚度、接口布局之类的情况	6	surface laptop;surface book;surface pro;surface laptop;surface book2;surface book2 键盘	5	4;5;4;4;5;3	ABF
38	想换一个电脑壁纸，觉得飞机引擎很有现代感，想找一个高清的引擎特写做桌面	4	飞机壁纸;飞机引擎;飞机引擎高清;飞机引擎壁纸	3	3;1;1;1	EFG
39	准备换电脑，希望要一个可以触控的电脑，考虑联想yoga730这一款，想直观了解一点整机形态、大小对比和接口布局之类的细节	1	yoga7300	5	5	AB
40	桌面之前的壁纸是飞机相关的，有一段时间没有更换了，想换一个类似风格的	1	飞机壁纸	2	3	EFG
41	想换电脑壁纸，但是飞机图片没有找到合适的，想找最近正在看的美剧的剧照做壁纸	1	criminal minds十三季	2	2	EFG
42	做推送，想用微信上常见的一个王力宏的“笑容渐渐变态”表情包，希望找到一个清晰一点的	6	笑容突然变态表情;笑容开始变态表情包;笑容渐渐凝固表情包;笑容逐渐失控表情包;笑容渐渐变态王力宏;笑容渐渐变态王力宏表情包	2	3;3;2;3;1;1	AEF
43	推送要用到近期比较火的“—长点心吧 —什么点心”表情包，想找到这张图	5	长点心;长点心吧表情包;长点心什么点心表情包;什么点心;什么点心表情包	3	2;3;3;2;3	AE
44	做一个有关学习复习的吐槽性质推送，需要大量相关表情包	1	学习表情包	5	5	ABF
45	最近重度卡西欧gshock手表，想省吃俭用买几块不同型号的款式。选了几个近期看好的型号看一些美图种种草，对比一下颜色和上手感觉	11	ga180;ga180卡西欧;卡西欧dw600;卡西欧gw6900;卡西欧g9000;卡西欧g9000红色;zhongwen;卡西欧ga100;卡西欧gw;卡西欧gw5600黑金;卡西欧gw″600	4	2;2;3;4;3;3;1;5;4;5;2	ACG
46	看中卡西欧5600型号两款表，想对比一下哪一个更好看。顺便看看还有没有更好的型号和配色	3	dw5600;dw5600hr;glx5600	4	5;2;5	AB
47	小时候的好朋友今年高考，想去华中科技大学，我想看一下校园情况和条件	8	华中科技大学;华中科技大学全景;华中科技大学经济学院;华中科技大学校徽;华中科技大学学生证;华中科技大学学生卡;华中科技大学校园卡;华中科技大学校园卡	3	4;2;1;4;4;4;5;5	ABE
48	今天晚上去听了校友的民乐演出，对他们使用的民乐乐器一无所知，很好奇	7	大阮;扬琴;柳琴;新笛;梆笛;高胡;中胡	5	5;5;5;2;5;4;4	AE
49	买了这一款电脑，相比较一下这一系列几款之间的区别	3	ThinkPad 系yoga;ThinkPad yoga;ThinkPad x1 yoga	4	3;5;5	ABG
50	电脑需要换一个风格的背景，想要飞机引擎的高清图	2	壁纸;壁纸飞机引擎	3	3;2	AEG
51	做一个关于吐槽王者荣耀和一些手游的推送，风格要诙谐一点，需要一些表情包	28	460表情包;460王者;460ms表情包;460ms;朋友再见 表情;再见吧朋友再见表情;再见吧;有缘再见吧;再见吧;有缘再见表情包;再见了表情包;再见了您嘞;拜拜了您嘞;小猪佩奇拜拜表情包;拜拜了您嘞;再见吧;江湖再见;江湖再见表情包;坏笑表情包;邪恶坏笑表情包;猥琐坏笑表情包;猥琐笑容表情包gif;猥琐坏笑表情包;得意坏笑表情包;一脸坏笑表情包;一脸坏笑表情包漫画;猥琐坏笑表情包;猥琐笑容表情包gif	4	2;3;1;3;2;2;5;2;5;3;4;2;3;3;3;3;2;2;3;3;3;4;3;2;2;3;3;4	ABF
52	今天下午在等吃晚饭的时候，想看一下最近比较火的玉渊潭的樱花，准备清明去逛逛	1	玉渊潭公园	5	3	AFG
53	上周看了古墓丽影。想要看一下陆仁是不是吴彦祖	2	古墓丽影路人;古墓丽影起源之战剧照	5	2;5	AG
54	想找一下父母爱情中饰演大儿子的演员照片	1	父母爱情大儿子	2	2	AB
55	今天晚上组会讨论了环栅结构，想看一下具体结构	3	环栅结构;半导体环栅结构;环栅结构	2	1;3;1	AB
56	小猪佩奇最近实在是太火了，想要买个周边，看看都有什么图案	4	小猪佩奇;小猪乔治;猪爸爸;猪妈妈	5	4;5;5;4	AB
57	想知道鸡蛋果到底是哪种水果	1	鸡蛋果	2	2	AB
58	明天要给小朋友补习初中科学电与磁部分，搜索一些图片做PPT	3	电动机原理;发电机原理;家庭电路	5	5;5;5	ADF
59	明天要给小朋友补习初中科学电路部分，找一些图片做ppt	1	家庭电路	5	5	ADF
60	明天是假期的最后一天，想要去798逛逛，先看一下	1	北京798	5	5	ABG
61	今天听同学讲了红海行动，上网看一下主演	2	黄景瑜;杜江	5	5;5	AB
62	昨天看了头号玩家，觉得很不错，想要推荐给小伙伴	3	头号玩家;头号玩家修;头号玩家修	5	5;5;3	AG
63	五一小假期，计划一下出去玩	11	九寨沟;武侯祠;乐山大佛;峨眉山;成都小吃;锦里;成都旅游景点;青城山;都江堰;都江堰;阿坝	5	5;5;5;5;5;5;5;5;5;5;5	AB
64	五一想要出去玩一下，看看成都的旅游景点	9	四姑娘山;稻城亚丁;杜甫草堂;宽窄巷子;成都大熊猫繁育基地;文殊院;金沙遗址;春熙路;成都太古里	5	5;5;5;5;5;5;5;5;5	AB
65	最近想要去看电影，听说这个评分很高，看一下海报	2	暴裂无声;暴裂无声海报	5	4;4	AB
66	看了一篇介绍王昱珩的文章，想要了解一下关于他的一些事情	5	最强大脑王昱珩;王昱珩的画;王昱珩女儿;王昱珩老婆;王昱珩作品	5	5;5;5;5;5	ABG
67	想看一下范丞丞长得像不像范冰冰	1	范丞丞	5	5	AG
68	别人送了一套DKNY的香水，想了解一下这个品牌	4	DKNY;dkny香水;dkny产品;dkny手表	5	3;5;5;5	AB
69	网上答题时遇到了相关问题，把不知道的都查一下	5	猕猴桃长在哪里;火龙果长在哪里;花椒长在哪里;菠萝长在哪里;菠萝长在哪里	5	5;5;5;5;5	AB
70	室友最近在看南方有乔木，先看一下剧照	2	南方有乔木;陈伟霆作品	5	5;5	AB
71	答题碰到了相关问题，想要了解一下	1	柠檬长在哪里	5	5	AB
72	看了一期最强大脑，王春彧和以前的一个同学重名，来看一下	2	最强大脑王春彧;王春彧	5	5;5	AG
73	很喜欢穆斯林的葬礼，不知道有没有排成电影或者电视剧	4	穆斯林的葬礼;穆斯林的葬礼剧照;穆斯林的葬礼韩子奇;穆斯林的葬礼韩新月	3	5;1;2;5	AB
74	上次去天津。错过了晚上的摩天轮，找找图片，弥补一下	1	天津摩天轮	5	5	AB
75	想要考察一下五一出行计划	11	大理;大理古城;丽江古城;洱海;丽江景点;茶马古道;苍山;崇圣寺三塔公园;西南联大;木府;木府	5	5;5;5;5;5;5;3;5;5;5;5	AB
76	想要看一下萌娃一家	10	霍思燕;杜江;嗯哼;杨子;安迪;咘咘;黄圣依;修杰楷;贾静雯;黄圣依安迪	4	5;5;5;5;2;5;5;5;5;5	AB
77	看到了海豚湾恋人的一段视频，回去看看当年的剧照，当年最喜欢的偶像剧	6	海豚湾恋人张韶涵;海豚湾恋人徐泽亚;海豚湾恋人珊妮;海豚湾恋人小瓶盖;海豚湾恋人达达;海豚湾恋人霍建华	5	5;5;5;5;5;5	AB
78	看一下公主小妹的剧照	5	公主小妹张韶涵;公主小妹吴尊;公主小妹飞轮海;公主小妹演员表;公主小妹宫茉莉	5	5;5;5;5;5	AB
79	一直在听叶文有话要说，很喜欢，看一下主持人	3	叶文老公孩子的照片;叶文老公;叶文	5	3;5;5	AB
80	一直在听叶文有话要说，看一下主持人	1	叶文	5	5	AB
81	看一下哪一条河是内陆河	3	塔里木河;辽河;淮河	4	5;5;4	AB
82	做PPT需要几张图片	2	摩尔定律;后摩尔定律	5	5;5	ABF
83	答题遇到相关问题，看一下	4	褒姒;妲己;妲己;骊姬	5	5;5;5;5	AB
84	一直在用春雨面膜，听说范丞丞成为了春雨面膜的代言人，看一下	4	春雨面膜;春雨面膜 范丞丞;春雨面膜黑色;春雨面膜老板娘	5	5;5;5;2	AB
85	超爱琅琊榜，怒刷n遍	29	琅琊榜梅长苏;琅琊榜霓凰;琅琊榜景睿;琅琊榜靖王;琅琊榜静妃;琅琊榜夏冬;琅琊榜甄平;琅琊榜飞流;琅琊榜夏冬;琅琊榜黎刚;琅琊榜甄平;琅琊榜靖王妃;琅琊榜卫峥;琅琊榜念念;琅琊榜人物关系图;琅琊榜莅阳长公主;琅琊榜谢玉;琅琊榜谢琦;琅琊榜言侯;琅琊榜皇后;琅琊榜蔺晨;琅琊榜卓青遥;琅琊榜太子;琅琊榜庭生;琅琊榜胡歌;琅琊榜皇帝;琅琊榜蒙挚;琅琊榜蒙挚;琅琊榜誉王	5	5;5;5;5;5;5;5;5;5;5;5;5;2;5;5;5;5;5;5;5;5;5;5;5;5;5;5;5;5	AB
86	看到一个关于撒尿男孩的介绍 来看一下	4	撒尿男孩;大卫;米开朗琪罗;维纳斯	5	5;5;5;5	AB
87	想了解一下王菲一家	8	李嫣;李亚鹏;王菲;谢霆锋;窦靖童;窦靖童;谢霆锋;王菲	5	5;5;5;5;5;5;5;5	AB
88	喜欢多多和黄磊一家	5	黄磊;黄磊儿子;孙莉;多妹;多多	5	5;2;5;5;5	AB
89	周三晚上看了结婚进行曲，离得太远，想要看一下剧照	6	结婚进行时;结婚进行曲;结婚进行曲怀特先生;结婚进行曲男爵夫人;结婚进行曲玛丽小姐;结婚进行曲推销员	2	3;1;1;5;3;3	AB
90	今晚去蒙民伟音乐厅看了催眠，离得比较远，看一下演员	4	话剧催眠医生;话剧催眠;话剧催眠排长;话剧催眠作家	4	4;5;4;4	AB
91	昨天看了一档介绍各种包包的节目，没记住，来看一下	24	backpack;messenger;shopper;hobo包;quilted;messenger包;hobo;barrel;bucket;baguette;barrel包;satchel;duffel;sea包;shopper包;flap;tote;minaudiere;baguette包;doctor包;quilted包;clutch;saddle;saddle包	4	5;1;2;4;2;4;4;2;3;2;4;5;5;2;5;5;5;4;4;4;4;5;2;5	AB
92	看一下明星夫妻	4	刘强东;章泽天;罗晋;唐嫣	5	5;5;4;5	AB
93	周六去了植物园，看到了很多花很喜欢，突然很想了解一些花和花语	32	红色仙客;太阳花;风信子;珍珠梅花;雏菊;茉莉花;桃花;马蹄莲;木兰花;蝴蝶花;爱丽丝花;黄玫瑰;忘忧草;丁香花;丁香花花语;粉红色天竺葵;星辰花;满天星花语;满天星;风铃草;天竺葵花;野荨麻花;万代兰花;郁金香;韭兰花;金鱼草;栀柳花;玫瑰;栀子花;麦秆菊花;小苍兰;薰衣草	5	5;5;5;5;5;5;5;5;5;5;5;5;5;5;4;4;5;2;5;5;5;5;5;5;5;5;5;5;5;5;5;5	AB
94	想了解一下花名和花的对应	4	迷迭香;银莲花;水晶花;石竹花	5	5;5;5;5	AB
95	最近迷上北京女子图鉴，看看陈可和她的一串男盆友	17	北京女子图鉴杨大赫;北京女子图鉴张超;北京女子图鉴黄越彬;北京女子图鉴何志;北京女子图鉴卢家凯;北京女子图鉴王佳佳;北京女子图鉴笨笨;北京女子图鉴吴昊;北京女子图鉴姚梅;北京女子图鉴于扬;北京女子图鉴魏奇;北京女子图鉴顾总;北京女子图鉴顾总;北京女子图鉴朱朝阳;北京女子图鉴李晓芸;北京女子图鉴魏奇;北京女子图鉴于扬	5	5;5;5;5;5;4;3;5;5;5;5;4;5;5;5;5;5	AB
96	今晚跟一北方同学讨论地瓜和红薯是否为同一样东西，为了证明在南方这俩不是同一东西，在网上搜索南方的地瓜发给同学。	1	地瓜 南方	5	5	AE
97	最近想买个家用脱毛机，今天了解到以色列的silk'n品牌脱毛机不错，所以上网搜搜。	1	silk脱毛机	4	4	ABH
98	最近想跟同学一起去北京的特色景点转一转，所以搜了几个比较有北京特色且交通方便的地点。	5	东棉花胡同;五道营胡同;王府井教堂;角楼;玉渊潭樱花	4	2;4;4;5;4	ABG
99	今天浏览八卦新闻得知杜江对霍思燕有好感始于看到霍思燕出演的电影《我要成名》的海报，所以上网搜一搜《我要成名》这部电影。	1	我要成名	2	3	ABH
100	最近脸上有处地方不平滑，想弄清楚是痘痘还是闭口粉刺，所以上网搜一搜二者的图片以弄清楚区别。	2	闭口;痘痘	3	2;4	ABE
101	今天看到一则关于迪丽热巴的新闻，然后一直觉得她跟古力娜扎很像，所以上网搜一搜两者的区别。	1	古力娜扎 迪丽热巴	4	4	ABE
102	最近很喜欢几个网红小孩儿，想搜一些他们的照片来做桌面和头像。	4	小刚几壁纸;小刚几头像;民国头像;权律二头像	4	4;4;4;5	AFG
103	周末之前要完成一个展示的PPT制作，所以上网搜索一些好看的简约的背景图片。	3	PPT背景图片;PPT背景图片 简约;PPT背景图片 商务	4	3;4;4	DFG
104	周六是母亲生日，想送她一款项链，所以上网搜一搜看看款式和佩戴效果。	2	珍珠项链;项链 妇女	3	4;3	ABG
105	今天查阅平安集团资料得知其总部在深圳第一高楼，对深圳第一高楼以及亚洲其他高楼产生了兴趣，所以上网搜一搜	4	深圳第一高楼;京基100;台北第一高楼;台北101	4	4;4;4;5	ACG
106	最近长草某品牌的香芹抗氧化精华，好奇香芹是什么，是不是我们平时说的芹菜，所以上网搜一搜香芹以及它与西芹的区别。	4	香芹;西芹;西芹 香芹;香芹 西芹区别	4	4;4;2;3	AEH
107	下午跟同学商量毕业旅行地点，想去泰国玩，所以上网搜几个它的著名景点。	5	泰国甲米;泰国普吉岛;泰国地图中文版全图;泰国华欣;泰国清迈	3	4;3;4;3;4	ABG
108	最近想尝试学画眼妆，所以先上网搜一下几款很火的眼影图片。	4	excel眼影;excel眼影sr03;lunasol眼影;colorpop眼影	3	4;3;3;4	ABC
109	今天跟同学吃香锅时讨论到麻辣烫、冒菜、串串等，所以上网搜一搜它们的图片想看看区别。	4	麻辣烫;冒菜;钵钵鸡;冷锅串串	3	3;4;4;4	ABC
110	今天去看了头号玩家，觉得特别好看，想在网上搜一些海报来做壁纸或者搜搜影片中的彩蛋。	3	头号玩家海报;头号玩家票房海报;头号玩家彩蛋	4	4;4;2	ACD
111	今天看电影头号玩家时同学剧透某恐怖场景是致敬电影闪灵，我没有看过闪灵，所以上网搜一搜该电影和其作者。	2	闪灵;斯蒂芬金	3	4;4	ABE
112	最近看了偶像练习生，很迷这类男团，就好奇国内有没有出名的女团，所以上网搜搜国内女团相关的图片内容。	8	国内女团;sing女团;SNH48;snh48成员;snh48鞠婧祎;akb48;akb48成员谁最漂亮;akb48 松井玲奈	4	4;4;4;4;4;4;2;4	ABD
113	最近要做一个PPT，内容涉及常用包型的英文说法，所以上网搜一些对应的图片便于理解和展示。	24	satchel;satchel 剑桥包;satchel Proenza Schouler PS1;tote包;tote Fendi Peekaboo;Bucket Bag;Bucket Bag LV noe bag;Backpack;Grafea双肩包;Clutch包;Clutch包 华伦天奴;Duffle包;Baguette Fendi;Saddle Bag;Saddle Bag chole;Saddle Bag celine;Saddle Bag克洛伊;Box Bag-盒子包;Box Bag-盒子包 LV;Flap bag;Chanel Classic Flap;Messenger bag-邮差包;Hobo bag;Minaudiere Clutch	4	2;4;4;4;4;4;4;4;5;2;2;4;4;3;3;3;4;4;4;4;4;4;4;4	AFG
114	今天看了一则笑话是关于一个外国妈妈按照她对“hair half up half down”的理解给女儿弄的头发，所以我想上网搜一搜看看输入hair half up half down是什么结果。	1	hair half up half down	3	4	AB
115	最近喝了喜茶，觉得比之前喝的奶茶都要好喝，所以想上网搜一搜喜茶的菜单及几款招牌茶，同时也搜一搜它的竞争对手一点点的相关内容。	11	喜茶;喜茶 满杯西柚;喜茶芝芝莓果;喜茶金菠萝;喜茶芝士金凤;喜茶芝士芒芒;喜茶 招牌茶;一点点招牌茶;一点点 波霸奶茶;一点点奶茶菜单;喜茶菜单	4	4;4;4;4;2;4;4;4;4;4;5	ACG
116	最近粉底液快用完了，种草了covermark、阿玛尼、suqqu等粉霜（粉底液），所以上网搜一下它们的色号。	20	covermark粉底液色号;covermark yo00;covermark bn10;covermark bo10;阿玛尼lsf粉底液;阿玛尼lsf粉底液 试色;阿玛尼lsf粉底液 4号色;suqqu粉霜;suqqu粉霜 试色;suqqu粉霜 15色;suqqu粉霜 203号;suqqu粉霜 101号;cpb钻光粉霜 色号;cpb钻光粉霜 oc10;twny粉霜;twany粉霜;twany粉霜ocb;干皮夏天粉底液;rmk粉底液色号;rmk粉底液202	3	4;3;4;4;3;2;3;3;3;2;2;3;4;4;2;3;4;2;3;3	AC
117	最近闺蜜要过生日了，想送她一个女士包包作为生日礼物，近日逛街时看见小ck有款宽肩带褶皱包很好看，所以上网搜一搜类似款想买来送给闺蜜。	5	小ck风琴包;小ck包 宽肩带;小ck包;25岁女生包包;女生包包 生日礼物	2	2;1;3;3;1	ACG
118	最近天气开始热起来了，想买一顶帽子来遮阳防晒，所以上网搜一搜常见的几种帽子以及相关佩戴图。	9	棒球帽上脸图;棒球帽;女士棒球帽;鸭舌帽;遮阳帽;盆帽;防晒帽遮脸遮颈部;太阳帽;M家帽子	2	1;3;2;2;3;1;3;3;3	ACG
119	最近看一个综艺节目里女明星霍思燕家养了很多宠物，尤其是对没有毛的猫和大型的贵宾印象深刻，所以上网搜一搜她家的宠物，顺便搜一下相关品种。	7	无毛猫;无毛猫 霍思燕;宠物 霍思燕;狗 霍思燕;巨贵;泰迪;贵宾犬	4	4;3;3;4;4;4;4	ABC
120	今晚吃了水平有限的螺蛳粉，觉得特别好吃，所以上网搜一搜螺蛳粉和它的做法，想回家学者做做。	5	螺蛳粉做法;原味螺蛳粉;干捞螺蛳粉;水平有限 螺蛳粉;柳州螺蛳粉	3	1;3;4;3;3	ACG
121	最近买了一个类似box的小方包，想上网搜一搜它的搭配图找找灵感。	4	celine box搭配图;celine frame 搭配;小方包搭配;furla小方包搭配	2	2;3;2;2	ACG
122	今天在学校里看到一个妹子穿着波点半裙，觉得很复古很好看，所以想上网搜一搜波点元素的服饰及其搭配。	9	波点 半裙;波点 半裙 A字;波点 半裙 鱼尾裙;波点 半裙 搭配;波点 半裙 复古;波点连衣裙 复古;波点上衣;波点连衣裙 韩国;波点上衣 韩国	3	3;2;3;2;2;2;3;3;3	ACG
123	最近看了《偶像练习生》总决赛，喜欢上了蔡徐坤，觉得他好帅好精致啊，所以想上网搜一些他的壁纸来作为桌面。	3	蔡徐坤 壁纸;蔡徐坤壁纸高清;蔡徐坤壁纸无水印	4	4;3;2	ADF
124	昨天看了南海阅兵的视频，特别自豪和骄傲，所以上网搜一搜南海阅兵相关图片和军事品种，增长知识。	5	南海阅兵;航母打击作战群;航母打击作战群 南海阅兵;两栖攻击舰;长沙舰	4	4;2;3;4;3	AB
125	上个月去打了耳洞，现在恢复差不多了，所以想买一些气质的好看的耳环来佩戴，所以上网搜一搜耳环的图片以便去商场购买。	6	耳环 复古;耳环 珍珠;耳环 韩国;耳环 气质;耳环 ins风;耳环 搭配	2	3;3;3;3;4;1	ACG
126	春天到了，准备买一条碎花连衣裙来配风衣、皮衣等外套，所以上网搜一搜碎花裙及相关搭配。	6	碎花连衣裙长款长袖;碎花连衣裙搭配;碎花连衣裙韩国;碎花连衣裙气质;碎花连衣裙ins风格;chic碎花连衣裙	3	2;1;1;2;3;5	ACG
127	看新闻得知昨日古天乐获得金像奖影帝，所以上网搜一搜古天乐和他演的《杀破狼》图片。	3	古天乐;古天乐杀破狼;古天乐金像奖	4	4;4;2	AH
128	最近很喜欢吃红枣，但又觉得光吃新鲜红枣会吃腻，所以上网搜一搜红枣的其他吃法以及相应做法。	2	枣糕做法;干枣片的做法	2	2;2	AB
129	今天看到一个八卦说徐锦江和雷神长得比较像，所以上网搜一搜网友恶搞他们的图片，分享给同学。	1	徐锦江雷神	4	4	AB
130	最近在美剧里看到复古老爷车，觉得很有吸引力，所以想上网搜几张经典品牌的老爷车，欣赏之余还能用来做桌面壁纸。	4	保时捷 老爷车;奔驰老爷车;福特老爷车;经典老爷车	4	4;4;4;4	ACG
131	最近看了电影《雏菊》，很喜欢这种花和它的花语，所以想上网搜一搜它的一些图片用来做手机壁纸。	2	雏菊 手机壁纸;雏菊壁纸高清手机壁纸	5	5;4	ADG
132	今天看综艺《妈妈是超人》时，弹幕说黄圣依的儿子安迪像盛一伦，所以就上网搜一搜盛一伦的长相，看看像不像。	2	盛一伦 安迪;盛一伦	4	1;5	AE
133	今天逛街同学买了一双华莱士，觉得这双鞋还挺好看的，想上网搜搜这款鞋，了解一下它的其他配色。	3	nike 华莱士;nike 华莱士四代;nike华莱士鞋带系法	4	4;4;1	AC
134	今天看到一个关于87岁超模卡门·戴尔·奥利菲斯的介绍视频，被她的气质所迷倒，所以想上网搜一搜她的图片以及她年轻和走秀时的图片。	4	卡门·戴尔·奥利菲斯;卡门戴尔奥利菲斯年轻;卡门戴尔奥利菲斯 走秀;卡门戴尔奥利菲斯男友	4	5;4;3;1	AC
135	最近追完了韩剧《迷雾》，被里面女主的衣着和一位男配所吸引，所以想上网多搜一些关于他们的图片。	5	迷雾剧照金南珠;金南珠服装搭配;金南珠;任兑卿;任兑卿 迷雾	2	4;2;2;1;2	ACG
136	五一准备去重庆游玩，所以上网搜几个重庆著名景点的图片看一看，提前了解一下，决定是否要去这些景点。	4	重庆天坑;重庆武隆天坑;重庆三峡;重庆洪崖洞	4	4;4;4;3	ACG
137	今天看到一则关于RMIT大学的搞笑新闻，对这个大学很好奇，所以上网搜一搜它的图片。	1	RMIT	4	4	ABH
138	今天超市榴莲特价买了一些榴莲回来吃，突然就很好奇一些不常见水果（榴莲、菠萝蜜等）长在哪里，所以上网搜一搜相关图片。	2	榴莲长在哪;菠萝蜜长在哪	5	5;5	AB
139	最近头发分叉厉害加上自己又想换个发型，所以上网搜一搜适合圆脸的发型（例如流行的韩式lob）图片，以便剪发师参考。	3	lob发型;圆脸适合什么发型;lob韩式	4	4;3;4	AB
140	听同学说田馥甄去了今年北京的草莓音乐节，因为我很喜欢田馥甄，所以想上网搜一搜现场图片看看。	2	草莓音乐节田馥甄;田馥甄音乐节	2	2;2	AB
141	最近想买一个玫瑰金的手链（手环），所以上网搜一搜相关图片提前看看款式，为去店里挑选做准备。	2	玫瑰金手环;玫瑰金手链	2	2;3	AC
142	最近在看一部电视剧时发现其中一位女演员很面熟，看演职员表发现女演员叫刘希媛，所以上网搜一搜她的图片和演过的角色，最后想起来了觉得她面熟的原因。	4	刘希媛;刘希媛角色;刘希媛黄宗泽;刘希媛白蛇传	4	4;4;3;4	AB
143	今天看新闻说阿蓬江特大桥最近竣工了，新闻上看到阿蓬江大桥特别震撼，所以想上网搜一搜类似的跨海跨江大桥，开开眼界。	2	阿蓬江大桥;跨海大桥	4	4;4	ABG
144	学累了开始考虑以会养什么宠物狗~~~~	5	不纯的金毛图片;血统金毛和普通金毛图;金毛级别图;柯基gif;金毛	5	3;3;3;5;5	AB
145	在申请去东京大学的暑研，就想看看学校图片，顺便了解一下	6	东京大学;樱花 日本;东京大学全景图;日本东京大学学校地图;日本 旅游;日本文创旅游产品	4	4;5;3;4;1;5	ABG
146	昨晚一时兴起换头像	4	红莉牺;红莉牺  头像;岗伦;凤凰院凶真	5	5;5;5;5	ABG
147	做关于铁路发展的ppt	5	淞沪铁路;中国铁路图 gif;中国铁路修建图 gif;三线建设;1978n年铁路图	5	5;1;1;1;2	AB
148	做一个和高铁发展相关的ppt	1	三线建设	5	5	AEG
149	上课老师讲到巴洛克风格	2	https://theory.pppl.gov/people/profile.php?pid=36&n=William-Tang;巴洛克服装	4	1;5	ABG
150	做马克思课程展示ppt	1	创业创新企业	4	4	AEG
151	做马克思课程展示ppt	1	科技扶贫宣传	4	4	AEG
152	做马克思课程展示ppt	3	宁夏科技扶贫;宁夏科技扶贫成效;宁夏扶贫成效	3	3;3;3	AEG
153	暑假要去首尔大学交流，了解一下	1	韩国首尔国立大学	5	5	AG
154	做ppt需要用到	3	空间站;地球表面接收站;探索火星	5	5;5;5	AF
155	暑假要去首尔大学，当然也要顺便看看旅游情况啦	3	韩国旅游;韩国;韩国首尔国立大学	5	4;3;5	AG
156	因为自己有参加系歌赛，朋友也有参加校歌赛，最近就一直在研究和唱歌有关的东西。主要是想去一次录音棚看看录制的现场状况，所以就先上网大概搜了一下有关录音棚和录音设备的一些照片。	2	录音棚;录音设备	4	4;4	AG
157	因为目前的ssd是128gb，然后现在所剩的空间也不太多，所以就想物色一个256gb的m2ssd，但是确切的ssd长什么样子并不太清楚，所以就想看看ssd的样子。	1	msi m2ssd	3	3	AH
158	主要也是在春节前理了头发，就到现在也没有理，系歌赛也要到了 所以就想找一个比较适合的发型	4	男士好看的发型;男士好看的发型 大学生;发型设计;发型设计 男	4	4;5;3;3	ACG
159	自己有买了吉他，之前也有稍微学过一点吉他的和弦，所以想找一个比较好的指法	1	吉他和旋	5	5	AI
160	在上其中一堂课的时候，老师有提到木槿花和朱瑾花，所以就想知道这两者之间的区别。	2	木槿花;朱瑾	5	5;5	AG
161	远在国外的朋友想看一些清华的照片。	1	清华大学	5	5	AG
162	朋友想知道圆明园里标志性的地点	1	故宫图片	5	5	AG
163	以为在国外的朋友想知道北京附近的一些景点，所以就在网上搜了一点资料和照片，发邮件给她。	2	故宫;圆明园	5	5;5	ABG
164	在做离散（图论）作业的时候想看多点题型，所以有在百度搜了各种照片和资料。	3	图论 树;图论 割集矩阵;图论 回路矩阵	5	5;5;5	AI
165	因为目前这台msi属于电竞笔电，耗电，所以有想在物色一台续航能力比较合适的Mac，从中也可以熟悉ios和Windows系统的不同。	3	MacBook air;macbook pro 2017;macbook	5	5;5;4	AG
166	特种加工的课里面老师说可以找课程内容和自己专业相关的一些成品，所以就找了由数控加工而成的apple 的iMac。	4	iMac;iMac pro;iMac 2017;iMac 2018	5	5;5;5;5	AG
167	为了准备系歌赛，目前在准备一首准备决赛的歌，然后对薛之谦和张信哲的关注比较高	2	薛之谦;张信哲	5	5;5	AG
168	因为特种加工的PPT需要做一种加工的描述，我的题目是MacBook Pro的加工，所以需要一张MacBook Pro的照片。再来就是不是每一台Mac都有touch bar，所以就想看他们之间的区别	3	MacBookpro touch bar;MacBookpro;MacBookpro touch bar	5	5;5;5	AGH
169	最近要期中考试了 所以要多找找关于微积分和线性代数有关的资料	1	三角函数图	5	5	AH
170	想换一个比价好看的电脑屏保（包括考虑静态和动态的）	2	桌面壁纸;桌面屏保	5	5;5	AG
171	今天考微积分，所以对三角函数要多了解了解	1	三角函数	5	5	AI
172	听说最新的oppo R15有拍电影特效的功能，就想先看看外观怎么样。	1	oppor15	5	5	AG
173	就是为了发朋友圈，然后想找一个和音乐有关的符号或者图片。	1	音乐的符号	5	5	AG
174	最近一段时间在搜索一些关于MacBook的资料 打算近期换一台MacBook Pro	4	macbook pro;macbook pro 128gb;macbook pro;macbook pro 荧幕	5	5;4;5;5	AB
175	最近因为对苹果产品的接触管道比较多，所以想多看看Apple最近都有些什么产品	8	macbook pro 键盘;iMac;iMac pro;iPhone X;iWatch;Apple 产品;Apple 滑鼠;IPod	5	5;5;5;5;5;5;5;5	AG
176	因为想到别的地方去看看 所以就看看火车的座位	1	火车的硬座	5	5	AH
177	给甲方的验收报告需要配图	2	环网柜;10kv环网柜	3	2;4	AEF
178	上午看了老友记第八集，追忆一下	2	钱德勒宾;乔伊崔比亚尼	5	5;3	ABG
179	突然想起来几个新疆美女，分辨不清楚	4	佟丽娅;迪丽热巴;古力娜扎;高圆圆	5	5;5;5;5	ABE
180	女朋友说她喜欢这个，看看长什么样	1	裴秀智	5	5	AE
181	女朋友说喜欢这个模特	2	卡抽;卡抽cara delevingne	5	1;5	AEG
182	听说央视有节目，想看看他是谁	1	张哲瀚	5	5	AE
183	中午听到maroon 5的歌，想搜索一下队员的样子	2	骚当;魔力红	5	5;5	ABE
184	看到评论说穆里尼奥离开原球队，想看看他是谁	2	muliniao;穆里尼奥	5	5;5	AE
185	给甲方的中期报告ppt需要使用	1	配电网络	5	5	AEG
186	给甲方的中期展示ppt需要配图	2	人工检测;电力系统	5	4;5	AE
187	上午给甲方做PPT需要一张用来描述“目前该领域研究是一片空白”的配图	9	研究欠缺;空白;研究欠缺;一头雾水;一筹莫展;科研一筹莫展;研究一筹莫展;科学家挠头;一头雾水	1	1;1;1;1;1;1;1;2;1	AEG
188	需要一个百度图标	1	百度	5	5	AE
189	上午给甲方做的中期展示ppt需要插图	2	sql;SQL	4	3;3	AEG
190	上午做ppt需要配图	5	贝叶斯分类器;贝叶斯分类器;贝叶斯网络;bayesian network;贝叶斯分类器	1	1;1;1;1;1	AEG
191	做ppt有一块很空白，需要配插图来避免看起来太挫	1	人机交互	4	4	AEG
192	PPT需要确认拍摄图片的设备是什么	2	断路器;负荷开关	5	5;5	AB
193	听到他的all of me，想看下这个嗓音的人长啥样	1	约翰传奇	5	5	AEG
194	想看下《老友记》里最爱的joey现实中啥样	4	马特勒布朗;乔伊;joey;乔伊崔比亚尼	5	5;1;1;5	AEG
195	想看下《老友记》里的两大男主	2	大卫修蒙;马修派瑞	5	5;5	AE
196	骑士赢球了，想找一张相关的表情包	1	骑士总冠军	1	1	ABG
197	今天听qq音乐，回忆起来这个组合，想看下组合时期的陈伟霆长什么样	1	boyz	5	5	AB
198	想找一张相关的素材	1	满意100	4	2	ABE
199	今天火箭赢球，卡佩拉大杀四方，查一下他的图片	3	卡佩拉;卡皇;卡皇	5	5;1;1	ABG
200	火箭进西决了，想找几张保罗的图片	2	保罗;克里斯保罗	5	3;5	AEG
201	准备去剪头发，想上网搜索一张心仪的目标发型	1	男士发型	4	4	ABG
202	准备换个背头的发型，查找一下目标样式	1	男士背头	5	5	AB
203	今晚女朋友说，男生都喜欢gakki这种类型的女生，但我并不同意，于是查图来辩	1	gakk	5	5	ABE
204	女朋友说这个模特很别致，我查来看看长啥样	4	卡尔泰勒;卡抽;模特卡抽;cara TAYLOR	4	4;1;1;4	ABE
205	今晚看到一集老友记，迈克向菲比求婚，想看一下现实中迈克的打扮	2	迈克汉尼拔;老友记迈克	1	1;1	AG
206	今天想选一些图片制作海报	12	乌尔奇奥拉;葛力姆乔;辰砂;辰砂 宝石之国;南极石 宝石之国;帕帕拉恰 宝石之国;帕帕拉恰 海报;帕帕拉恰 宝石之国;莲花刚玉 宝石之国;宝石之国;宝石之国 海报;彩虹之子	5	5;5;1;5;5;2;1;1;1;5;2;5	ADF
207	晚上看演唱会，搜一下环境	1	首都体育馆	4	4	AC
208	清明假期想去十三陵水库玩，查一下风景	2	明十三陵水库;明十三陵水库 春	3	4;3	ABG
209	课程展示ppt需要几张宠物机器人的图片进行展示。	3	宠物机器人;宠物机器人 索尼;陪伴机器人	4	4;3;2	AFG
210	下午发现自己的壁纸用了挺久的 想换一个	6	电脑壁纸  风景;电脑壁纸  团子;电脑壁纸  长草颜团子;电脑壁纸 阿狸;电脑壁纸  家教;电脑壁纸  家庭教师	3	5;2;2;4;1;3	ACG
211	下午看到新剧宣传，想查一下有没有海报之类的相关图片	2	无法律师;无法律师 韩剧	2	2;2	AG
212	五一假期快要到了，想要出去爬山，搜索一下各处的风景如何	2	黄山;黄山云海日出	5	5;5	ABG
213	五一想要出去爬山，查一下各处的风景如何	2	庐山;庐山美景	5	5;4	ACG
214	五一想要出去爬山，查一下各处的风景如何	1	泰山	5	5	ABG
215	需要帮忙找一下cubieboard，搜索一下长什么样子	1	cubieboard	5	5	AG
216	新注册了账号，想要换新的头像	1	团子头像	5	5	AFG
217	课程大作业，需要用制作一辆小车完成一些任务，先查询一下是什么样子	1	树莓派小车	4	4	AC
218	课程需要查找名片图片	4	名片 竖;名片 商务;名片 商务;名片 正面	4	3;3;3;5	ABF
219	晚上十点半，准备离开实验室，离开之前突然想了解一下老板年轻时的样子，于是搜了搜导师的图片。	3	徐昆;徐昆 清华大学;徐昆 计算机系	3	5;3;2	AH
220	毕设中期答辩需要做PPT，查找对勾和叉号  	2	对勾;叉号	3	4;1	AEF
221	心理系课程作业，试图通过关键词图片搜索来了解社会对两性分手失恋的看法。	3	失恋;分手;男 分手	4	5;2;3	AGH
222	想发给过生日的同学一张简约风的生日快乐	3	生日快乐;简约生日;肯德基 生日	3	5;1;3	AG
223	最近在追unnatural，想要找那个石原美里 “有空绝望不如去吃好吃的”的表情包	3	石原里美;石原里美 表情包;石原里美山下智久	4	5;3;5	AFG
224	想找一下unnatural里 东海林的扮演者相关剧照	1	东海林	1	1	AFG
225	有一篇文章讲述了文章的哭戏相关，记得少帅里面有哭戏，想找当时的剧照	2	少帅;文章	5	5;5	AFG
226	想要搜索一下普京年轻时候的照片，记得他有一张年轻时骑马的照片	2	普京年轻;普京骑马	3	4;3	AFG
227	做 PPT找素材，金牌、奖杯相关	4	金牌;金奖;冠军金奖;金奖杯	5	5;5;5;5	AFG
228	看到了一张追忆科比的壁纸，也想搜一张，既是缅怀，也是想激励一下	1	科比	4	4	ABE
229	听同学说到了windows子系统，想了解一下，真正装完之后的效果图片，来决定自己是不是要将虚拟机用windows子系统代替	2	windows子系统;windows子系统	3	2;2	AB
230	在虚拟机上进行了系统的改变，在安装debian 时，想预览一下安装后的效果，并在安装桌面环境时关于选择gnome 还是 kde 产生了纠结，所以查了查	3	debian;kde;gnome	3	3;4;3	AB
231	进行linux子系统安装时，有教程说cmder是强于cmd 的升级版，所以想了解一下	1	cmder	3	3	AB
232	突然想起找一些NBA的图片作为桌面和背景	4	nba霍华德;nba扣篮王;nba扣篮王霍华德;NBA扣篮	4	4;3;4;4	BDG
233	比较喜欢的男星，想找一些图片	1	史泰龙	4	5	AB
234	想要改变，不要再这样下去了	1	change	3	2	AE
235	在动画里看到一个蛋白质结构，感觉是血红蛋白或是肌红蛋白，想搜结构图确认一下	5	血红蛋白;血红蛋白 单体;血红蛋白 单体结构图;肌红蛋白 单体结构图;肌红蛋白 结构图	4	4;5;5;3;3	AB
236	路上看到一种花，不记得是哪一种了，查一下确认一下	2	郁李;菊花桃	4	5;5	ABH
237	需要知道U碱基上一个位置的原子替换是否影响它和A碱基的配对，因此需要搜索配对后结构图，确认氢键存在于哪些原子之间	6	rna;rna二级结构;rna配对结构;rna au配对结构;rna base pairing;rna base pairing au	2	1;1;2;1;1;1	AI
238	需要搜索一些替换过原子的碱基类似物的结构图，确认其与正常碱基的具体差别	5	4-thiouridine;5-Bromouridine;4su;4su chemical;bru chemical	2	1;4;1;1;1	AB
239	需要找一个表情图片。内容是熊猫头捂嘴嘲讽地噗呲笑	5	噗呲表情包;捂嘴熊猫表情包;嘲笑表情包;嘲讽表情包;群友们是真的很丢人 表情包	3	3;4;2;2;4	AB
240	需要给同学科普一下清华校花紫荆和丁香。以及这个校花紫荆和香港区花紫荆不同	5	紫荆;洋紫荆;红花羊蹄甲;丁香;丁香	5	5;5;5;5;5	ABI
241	杨柳絮飘起来了，需要找点图给男朋友科普一下它长在树上的样子等	4	柳絮;柳絮 显微;杨絮;杨絮 显微照片	4	5;2;3;2	AB
242	长了个口腔溃疡，男票给了盒西瓜霜，好奇这是什么	4	口腔溃疡;西瓜霜;西瓜霜 制作;西瓜霜 制作	5	4;3;5;5	AB
243	想买海胆吃，查一查不同种类的差别	4	海胆;马粪海胆;紫海胆;黄海胆	5	5;5;5;5	AB
244	有个同学不知道栗子原本是带壳的， 找张图给他看	2	栗子;栗子 带壳	5	5;5	AB
245	想画一张小孩子爬树的图，找一找参考照片	4	爬树;爬树 人;爬树 儿童;爬树 美图	2	4;1;1;1	ABG
246	需要画一下紫藤花	4	紫藤花;紫藤花 绘画;紫藤花 画法;紫藤花 画法	4	5;5;3;3	ABG
247	买了青口贝，看说需要清理足丝，查一下足丝长什么样	3	青口贝;青口贝 足丝;青口贝内脏清理图解	4	5;5;2	AB
248	好奇有没有长毛的螺	1	长毛的螺	2	2	ABH
249	看到关于兰花螳螂的介绍，想搜索更多的图	2	兰花螳螂;兰花	5	5;5	ABG
250	学姐手被生锈的镊子扎了一下，虽然很轻微但是她很担心所以想搜点需要打破伤风的创口图片给她看	3	破伤风 创口;破伤风伤口图片;破伤风 杆菌	2	3;2;5	AB
251	想找一些蛇或是树藤的曲线图片参考	4	蛇;藤蔓;树藤;树藤	4	5;2;4;4	ABG
252	想找一张取高处的东西的人的图片作参考	2	够高处的物品;取高处的物品	1	1;2	AB
253	需要几张图给别人讲鹿角的结构	3	鹿角 骨头;骨化鹿角;鹿头骨 解剖图	4	4;4;2	AB
254	男朋友好奇为什么常见鸡胗长的不像是胃，想找几张完整鸡胃的图给他看看	6	鸡胗;鸡胗 完整;鸡胗 活体;鸡胃;鸡 肌胃;鸡 肌胃 解剖图	3	2;1;2;4;4;5	AB
255	需要几张图给别人讲解宫颈糜烂即宫颈柱状细胞外翻是正常生理现象而不是病	3	宫颈;宫颈上皮细胞;宫颈柱状上皮细胞	5	4;3;3	AB
256	想查一下活的鹦鹉螺是什么样子的	2	鹦鹉螺;鹦鹉螺 活体	4	4;4	AB
257	学校里新种了一种很好看的花，想试试能不能搜到它的名字	2	紫色 球状 葱;大花葱	5	5;5	ABH
258	想搜一张表情包，上面写着我一打开这破群基本就这样	2	我一打开这破群 表情包;我一打开这破群	1	1;1	AB
259	前几天被同学安利了这部电影，说电影中的画面很有冲击力。想查找一下相关剧照	1	头号玩家海报	4	4	ABC
260	在豆瓣的推送中看到这部电影，海报比较惊艳，想下载高清图片	3	莫提;莫媞电影;电影莫媞	1	1;1;1	DF
261	想查找近几年惠英红主演的电影，这部电影评分比较高，看到封面海报很有意思就查了一下	2	血观音;血观音电影	5	5;5	AC
262	需要查找某讲座主讲人sallis教授的新闻稿，在网页中搜索教授的照片	2	sallis jeams f;James F. Sallis,	1	1;1	ABF
263	身体机能反应的操作图片	1	Physical Function	3	1	AH
264	想查找关于关键词中行为进展图	1	Physical Function seven standardized tasks	4	3	AH
265	查询种植牙的过程	1	种植牙	5	5	AH
266	周日与同学相约水长城，查找旅游路线	3	水长城;水长城;黄花城水长城美食地图	5	5;5;5	AB
267	五一假期北京周边游备选之一	1	古北水镇	5	5	AB
268	查找运动员退役转型的方向	1	运动员退役	2	2	AI
269	5月中旬要组织党员赴井冈山开展学习教育实践活动，通过图片了解一下当地情况	1	井冈山	5	5	AG
270	查看其它学校或单位的一封信状况	3	一封信调查问卷;一封信调查问卷 大学生;调查问卷 大学生  父母	4	2;3;2	AF
271	确认窗外的紫花树是紫荆	1	紫荆花	5	5	AE
272	网上热炒武汉理工邪恶导师王攀，查询这一事件相关图片。	5	武汉理工;武汉理工;武汉理工 陶;武汉理工 陶;武汉理工 王攀	4	4;5;5;5;4	AH
273	查询课题相关企业信息。	1	昆山盛夏复合材料科技有限公司	2	2	AF
274	今年校庆准备邀请谢老回来参加，为做资料准备所以查阅过往图片	1	谢裼迎 清华计算机系	4	4	AB
275	在一次媒体报道中发现此人是贵系校友，因此搜索一下	1	金涬	5	4	AB
276	前一段时间的娱乐新闻，看看他到底是谁	1	高云翔	5	5	AC
277	贵系校友，因比特币和金融区快连的火热，多了解一下他。	1	蒋长浩	5	5	AG
278	贵系校友，因强大的家族背景而多才多艺，近期在国家博物馆进行活动，搜索一下	1	完强	5	5	AB
279	想看喜欢的明星鹿晗和他演过的电影图片	2	鹿晗;鹿晗电影图片	4	4;5	AEF
280	看到鹿晗的图片，想找他以前演过的电影海报看	1	盗墓笔记电影	5	5	AE
281	看到鹿晗的图片，想起他和杨子姗一起演过一个电影，就随便找一下看看	2	杨子姗;重返二十岁	4	4;4	AE
282	快到五一假期了，想去长白山玩，找一些风景的图片先看看	1	长白山	5	5	ACG
283	今天看到同事的日历壁纸很漂亮，也想换一个自己喜欢的	3	桌面日历;桌面日历壁纸;2018桌面日历壁纸大全	4	4;4;4	ACF
284	今天孩子身上有一些红疹子，所以想上网搜索一下相关图片，比较一下是什么类型的疹子	2	幼儿湿疹;幼儿急疹	4	2;3	AI
285	今天开始计划五一去镇江玩，想搜索一下镇江的旅游名胜区。	1	镇江	4	4	AB
286	今天同学发了个小刘鸭的表情，特别有趣，想看看小刘鸭都有哪些种类，表情包都是什么样的	1	小刘鸭	4	4	AB
287	计划去苏杭逛逛，看到网上说千岛湖洲际酒店很不错，所以想查询一下	2	千岛湖洲际酒店;千岛湖洲际酒店湖景	4	4;4	AB
288	想去苏州逛逛，看到网上有人说苏州的工业园区较老城区要好，所以想搜索看看工业园区是什么样的，参考一下。	2	苏州工业园区;苏州工业园区地图	2	3;3	AB
289	今天听朋友说凯美瑞出2018款了，外观特别拉风，想看看到底是什么样的	5	第八代凯美瑞发动机;第八代凯美瑞2.5;第八代凯美瑞运动版;第八代凯美瑞内饰;第八代凯美瑞	4	3;5;3;4;4	ABC
290	今天朋友要参加正式活动需要打领带，所以想搜索一下领带的打法和比较正式的温莎结的打法	5	领带打法图解;温莎结领带打法图解;半温莎结;半温莎结;浪漫结	4	2;4;4;4;4	AB
291	最近过敏性鼻炎发作，伴随头痛。听说中医按摩穴位能缓解不适，所以想搜索一下穴位图	2	治疗头疼按摩穴位图;治疗鼻炎按摩穴位图	4	4;4	ABF
292	今天跟朋友聊天说起防晒，朋友推荐了Sunday afternoon的帽子，大人、小朋友款都很不错，所以想上网搜一下款式	3	sunday afternoon;sunday afternoon帽;sunday afternoon帽 长尾款	4	1;4;4	AB
293	今天要做一张人工智能主题的海报，所以上网搜搜题材	1	人工智能海报	4	5	ABC
294	制作海报需要caai高清的logo，所以搜索了一下，没有找到	1	caai logo	2	2	AE
295	准备装修改造老房子，想看看喜欢的装修风格和客厅改造效果图，所以上网找找效果图	4	北欧风格;客厅隔断装修效果图;客厅改造卧室;两室改造三室	3	4;4;3;3	ABC
296	下午看文章忽然想到纠缠，想看看状态图	2	liangzijiuchan;量子纠缠态	4	5;5	AB
297	无意看到这个名字， 搜下看看真面目	2	蒋方舟;蒋方舟	5	5;4	AG
298	昨晚看两集电视剧，想搜一下剧照	1	下一站别离	5	5	AB
299	今天天气很好，园子里花开正艳。下午想更换一下电脑壁纸，让电脑里也有点风景。	1	壁纸	4	4	CG
300	今天搜索壁纸的时候，发现并非满园春色独好，反而大漠空旷也有独特的美感。	1	壁纸 沙漠	4	4	CG
301	今天，妈妈要买血压计，我们一起搜索电子和台式血压计的区别，因此搜图。	2	血压计;台式血压计	4	4;4	AI
302	晚上加班，试图搜索关于研究内容的相关图片，获取一些参考价值。	2	优先流;优先流	2	2;2	ABH
303	今天上午检索关于探地雷达的信息，需要图片增加直观的理解。	2	雷达;探地雷达	4	4;4	AC
304	4月11日，搜索课题较为权威的专家照片，试图对他有更多的了解。	2	何大明;何大明 云南大学	4	4;4	AH
305	看了小萝莉的猴神大叔后，很受感动，因此搜索剧照，进一步了解细节。	1	小萝莉的猴神大叔	4	4	ABG
306	4月17日 工作需要比较各国水库调度图片资料，因此搜索查找。	7	长江梯级水库调度;梯级开发;美国水库优化调度;欧洲水库;美国水库;长江水库优化调度;美国水库	3	3;2;2;2;2;2;2	AEF
307	由于当红影视剧的影响和工作需要，分别搜索影视作品剧照和工作需要的新疆地图。	3	那年花开月正圆;新疆河流;新疆地图	4	4;4;4	AFG
308	朋友发了表情【大哥喝并阔落】，我想回一个【大哥并不想喝】。	2	大哥不想喝可乐;大哥喝冰阔落	4	2;5	ABF
309	看看跟阎妮的井柏然长啥样	1	井柏然	5	5	ABG
310	想去圣莲山度假，想了解一下半山腰圣辉度假山庄的环境和设施情况	1	圣辉度假山庄	3	3	ABE
311	需要做一个思维导图，查找一下思维导图的形式	1	思维导图	5	5	ABG
312	搜一些好看的流程图加到PPT里面，让PPT看起来更生动	1	流程图	5	5	BCF
313	今天空闲时间，想更新下电脑桌面壁纸。	2	千与千寻 桌面;千与千寻 高清桌面	4	5;5	ADG
314	今天空闲时间，想更新下桌面壁纸。	1	龙猫 高清桌面	5	3	ADF
315	昨天空闲时间，随便看看合适的电脑壁纸	3	天空之城电脑壁纸;天空之城 电脑壁纸;宫崎骏 天空之城 电脑壁纸	5	5;5;5	AE
316	昨天空闲时间，想随便搜搜变一下桌面图片	3	蜡笔小新 桌面;蜡笔小新 高清电脑桌面;蜡笔小新 高清桌面	5	4;4;5	AD
317	昨天无聊时候，搜下高清桌面玩	6	千与千寻 高清桌面;千与千寻;千与千寻 高清桌面;千与千寻高清壁纸;千与千寻手机壁纸;千与千寻电脑壁纸	5	5;5;5;5;5;5	ADG
318	今天编辑公众号，在网上找一下图片	3	路由器;系统;路由器系统	1	1;1;1	AH
319	今天无聊时间，搜点桌面更新下换换口味	4	蜡笔小新 壁纸;蜡笔小新 高清壁纸;蜡笔小新 剧场版 高清壁纸;蜡笔小新 桌面	5	5;5;5;5	ADF
320	今天干活休息时间，搜索柯南壁纸补充桌面图片库。	4	柯南 桌面;柯南 高清桌面;名侦探柯南 高清桌面;名侦探柯南 高清壁纸	5	5;5;5;5	AFG
321	今天看新闻推送，重庆丁达尔效应，很感兴趣，搜搜看。	7	丁达尔效应;丁达尔效应原理;丁达尔;丁达尔现象;重庆丁达尔现象;重庆丁达尔;重庆丁达尔	4	5;1;5;5;1;1;1	AG
322	昨天想找一些壁纸，更换桌面	5	柯南 桌面;柯南 高清桌面;名侦探柯南 高清桌面;灰原哀 高清桌面;灰原哀 柯南 高清桌面	5	5;5;5;5;5	EFG
323	体育新闻提到巴萨一直保持联赛不败	1	巴萨图片	4	4	AH
324	想看一下发型样式	1	发	3	3	AB
325	凌晨了，宿舍里，开始给国外的大佬们套磁，然而想找个老师的照片看看是不是有名，就搜搜看	3	Chabinyc;professor Chabinyc;Michael Chabinyc	1	1;1;1	AH
326	时间凌晨，去UCSB看看，看看学校好看不	3	UCSB;UCSB Material;UCSB Material department	2	5;1;1	AGH
327	晚上，又到了陶瓷的时间了，看看有没有好学校	4	UCSB Material Chemical;斯蒂文斯理工学院;Material 斯蒂文斯理工学院;Material	3	1;4;1;1	AGH
328	上午为了完成作业调研一个薄膜	3	氮化硅薄膜;氮化硅薄膜SiN;薄膜Si3N4	3	4;3;2	AH
329	上午上课写实验报告，需要几个图片	6	ITO绝缘薄膜;BTO绝缘薄膜;BTO;BTO薄膜;ITO薄膜;ito薄膜组织结构图	1	1;1;1;2;1;1	AH
330	上午上课写实验报告，需要几个图片	2	ito薄膜组织结构图;ITO薄膜组织结构图	1	1;1	AE
331	晚上搜个地方五一去玩	1	希尔瑞加斯	1	1	AH
332	今天，突然想起来谢啦姐了	2	谢拉;谢拉姐 	1	1;1	AGH
333	下午研究一下攻略不错	6	伊利斯lol;伊利斯卡;OZ大乱斗;oz大乱斗梦想传说攻略;oz大乱斗地图;oz大乱斗地图ns	3	1;1;4;3;4;2	AH
334	中午搜搜苏菲公主看看结果没有我想要的那个公主	5	苏菲;苏菲 公主;苏菲 公主;苏菲 三公主;苏菲 小公主	1	1;1;2;2;2	AH
335	晚上我一直在看后作，我想看看前作怎么样啦~	4	大乱斗;大乱斗全部;OZ大乱斗全部;OZ大乱斗前作	4	1;1;5;4	AFG
336	下午看一下前作的主角们	4	大乱斗OZ;大乱斗OZ主角;大乱斗OZ谢拉;OZ大乱斗谢拉	4	3;4;4;3	AH
337	作业要求调研NXP公司	2	NXP;NXP	2	2;3	AH
338	今天查询一下相关文献	4	MoS2;MoS2扫描;MoS2材料;MoS2sem	3	2;2;2;1	AH
339	要发公众号文章了啊	1	秀米	5	4	AH
340	学习研究用	1	共振键	3	3	AH
341	今天晚上搜索一些和书籍有关的海报/展板，找一些创意。	2	海报 书;展板 书籍	2	3;1	AG
342	今天需要制作以改革开放40年为主题PPT，搜索适合的背景图片与插图。	4	十九大 PPT;十九大ppt背景图;改革开放前后对比图片;改革开放前 衣食住行	5	4;4;5;5	AEG
343	桌面确实好久没换过了，想换一个风景的桌面。	7	壁纸;壁纸高清;壁纸高清风景;壁纸高清风景;壁纸高清风景;壁纸高清;电脑壁纸高清全屏	2	3;3;3;4;3;3;4	EFG
344	想搜索百度的图标	1	BAIDU	4	4	BF
345	想买一台二手电脑，型号是thinkpad T430，想看一下电脑的外观。	1	THINKPAD T430	4	4	AEF
346	春天已经快结束了，一直很忙没有去玉渊潭看樱花，所以想看一下晚樱还有没有。今天想看一下樱花，打算和朋友一起去。	2	樱花;玉渊潭 樱花	4	4;4	ACG
347	这是和昨天一样的场景，想查一下T430电脑的配置及外观	1	THINKPAD T430	4	5	ABG
348	今天一个朋友跟我说脚踝打篮球骨折了，并发了一张X光成像图，想对比一下人体的脚踝骨络结构看一下哪里骨折了。	1	脚踝骨络结构	4	4	AEG
349	今天上午搭建实验平台，使用电磁继电器会对控制器产生影响，一位老师建议使用固态继电器进行控制，所以搜寻一下两者的外观区别。	4	固态继电器和接触式继电器;固态继电器;接触式继电器;接触式继电器	4	3;5;4;5	ABE
350	实验室要重新改造，想看一下国外顶尖实验室CPES实验室的布局。	2	CPES实验室;弗吉尼亚理工CPES实验室	1	1;1	AB
351	MMC是模块化矩阵变换器的意思，想了解一下其拓扑结构。	1	MMC拓扑	2	4	AB
352	想查询一下歼20的图片，了解一下我国的空军军事实力	1	歼20	5	4	AG
353	想和同学一起玩游戏，看一下绝地求生的图片。	2	绝地求生;绝地求生 大逃杀	5	5;4	ACG
354	最近朋友圈都在秀妇联，很想看复仇者联盟3，看一下宣传海报。	2	复联3;复仇者联盟3	4	4;4	ABC
355	月底去苏州开会，想查一下苏州的景点园林。	2	苏州经典;苏州景点	5	4;5	ACG
356	今天朋友说想养狗于是我推荐了巴哥给他，并且找了几张图片	1	巴哥	5	4	AB
357	看了这部动画，想看看有没有好看的同人图	3	darling in the franxx 015;darling in the franxx 015;darling in franxx 02	4	4;2;3	AG
358	看一部电视剧发现这个角色很面熟，就去搜一下是不是在哪部剧见过	1	大友花恋	4	4	AG
359	看了一部电视剧觉得女主角很可爱，想看看她的写真	1	西野七濑	5	5	AG
360	最近经常在许多剧里看到，很感兴趣	1	川荣李奈	5	5	AG
361	看到一个喜欢的演员在真人版里出演过这个角色，想搜来看看	1	三条燕	1	1	AG
362	最近追的一部剧里的演员，出演的角色很有特点想要看看演员本身	1	叶山奖之	4	4	AG
363	最近看了他出演过的很多电影和剧，觉得很帅，搜来看看	1	三浦翔平	4	4	AG
364	看了一部剧觉得这个演员很帅，想看看他在其他时候的造型	1	樱田通	5	5	ABG
365	看了很多这个演员的剧和电影，对他很感兴趣	1	龙星凉	5	5	AG
366	数电实验要求仿真，想搜索一下仿真图的示例	1	quartus 仿真	4	4	AB
367	看视频弹幕有提到，搜来看看	1	堀未央奈	5	5	AG
368	看综艺节目看到她觉得很可爱就搜来看看	1	藤田nicole	4	4	AH
369	清华云盘开放使用后，进去给账户换个头像	1	永野芽郁头像	5	5	ADG
370	看视频弹幕提到她，搜来看看	1	桥本奈奈未	5	5	AG
371	看乃木坂的演唱会看到她，对她比较感兴趣	2	高山一实;高山一実	4	3;5	AG
372	看到乃木坂46里面一个很可爱的女孩子，搜来看看	1	星野南	5	5	AG
373	听别人提起过这个妹子很可爱，搜来看看	3	渡边迷离爱;渡边みり爱;渡边美里爱	3	1;2;4	AG
374	想要换一个电脑壁纸，最近比较喜欢西野七濑就搜一搜她的壁纸	2	西野七濑高清壁纸;西野七濑	5	4;5	AEF
375	想换个头像	1	西野七濑 头像	5	5	AEF
376	室友看到她觉得可爱，就搜给室友看看	1	星野南	5	5	AG
377	电脑windows更新了壁纸被重置了，想搜到之前的壁纸	3	西野七濑 壁纸;西野七濑 壁纸;西野七濑	5	1;5;1	ADF
378	下午，因为要配置自己的Alfred网络搜索快捷设置，需要指定一个图标以便调出时更方便更准确地确认调出是否正确。需要百度搜索引擎的logo，图片要清晰一些，好看一些，方形的最好。	3	百度;百度;百度 logo 方形	4	3;3;4	ADF
379	下午在宿舍要配置一个Alfred的启动器，配置知乎快捷搜索时需要个人指定一个图标，方便在以后使用时能够准确快速的确认，自己调出的是不是该搜索，所以需要知乎的logo。希望寻找的图片清晰一些，好看一些，正方形最好。	1	知乎 logo 方形	4	4	ADF
380	下午在宿舍要配置一个Alfred的启动器，配置新浪微博快捷搜索时需要个人指定一个图标，方便在以后使用时能够准确快速的确认，自己调出的是不是该搜索，所以需要一个logo。希望寻找的图片清晰一些，好看一些，正方形最好。	4	微博 logo;微博 logo 高清;微博 logo;微博 logo 高清	4	4;5;3;5	ADF
381	下午在宿舍要配置一个Alfred的启动器，配置爱奇艺快捷搜索时需要个人指定一个图标，方便在以后使用时能够准确快速的确认，自己调出的是不是该搜索，所以需要一个logo。希望寻找的图片清晰一些，好看一些，正方形最好。	3	爱奇艺 logo;爱奇艺 logo;爱奇艺 logo 高清	5	2;2;5	ADF
382	下午在宿舍要配置一个Alfred的启动器，配置bili快捷搜索时需要个人指定一个图标，方便在以后使用时能够准确快速的确认，自己调出的是不是该搜索，所以需要一个logo。希望寻找的图片清晰一些，好看一些，正方形最好。	2	bilibili logo 高清;bilibili logo 高清	5	3;5	AEF
383	下午在宿舍要配置一个Alfred的启动器，配置淘宝快捷搜索时需要个人指定一个图标，方便在以后使用时能够准确快速的确认，自己调出的是不是该搜索，所以需要一个logo。希望寻找的图片清晰一些，好看一些，正方形最好。	2	淘宝 logo 高清;淘宝 logo 高清	4	4;5	ADE
384	下午在宿舍要配置一个Alfred的启动器，配置百度百科快捷搜索时需要个人指定一个图标，方便在以后使用时能够准确快速的确认，自己调出的是不是该搜索，所以需要一个logo。希望寻找的图片清晰一些，好看一些，正方形最好。	1	百科 logo 高清	5	5	AEF
385	下午在宿舍要配置一个Alfred的启动器，京东快捷搜索时需要个人指定一个图标，方便在以后使用时能够准确快速的确认，自己调出的是不是该搜索，所以需要一个logo。希望寻找的图片清晰一些，好看一些，正方形最好。	1	京东 logo 高清	4	4	ADF
386	下午在宿舍要配置一个Alfred的启动器，配置bili快捷搜索时需要个人指定一个图标，方便在以后使用时能够准确快速的确认，自己调出的是不是该搜索，所以需要一个logo。希望寻找的图片清晰一些，好看一些，正方形最好。	1	哔哩哔哩 logo 高清	5	3	AEF
387	下午在宿舍要配置一个Alfred的启动器，配置youku快捷搜索时需要个人指定一个图标，方便在以后使用时能够准确快速的确认，自己调出的是不是该搜索，所以需要一个logo。希望寻找的图片清晰一些，好看一些，正方形最好。	1	优酷 logo 高清	5	5	ADF
388	下午在宿舍要配置一个Alfred的启动器，配置知乎快捷搜索时需要个人指定一个图标，方便在以后使用时能够准确快速的确认，自己调出的是不是该搜索，所以需要一个logo。希望寻找的图片清晰一些，好看一些，正方形最好。	1	知乎 logo	5	5	AEF
389	想要买台电脑，看看这款电脑的外观怎么样	1	xps13	4	4	AGH
390	想要给mac换个壁纸 喜欢暗色调的	4	mac壁纸;mac壁纸 高清;mac壁纸 高清 黑白;mac壁纸 高清 黑色调	4	4;4;2;1	DEF
391	要做关于内陆核电站的ppt 需要图片做素材	2	核电站 简笔画;核电站 概念图	3	3;4	ADG
392	想换桌面了，找喜欢的角色的图	1	乙狩阿多尼斯	2	2	ADE
393	5.20要做一张角色笑颜卡面的汇总图，因此搜索素材	4	乙狩阿多尼斯;乙狩阿多尼斯 卡面;乙狩阿多尼斯 三星;乙狩阿多尼斯 cg	2	1;3;2;2	AE
394	想找一些生日摆阵的图片作为参考	2	摆阵;摆阵 生日	1	1;1	AG
395	要将一些图片拼成爱心，查找参考图	2	爱心;爱心 拼贴图	3	2;5	AG
396	要做3dmax大作业了，想找找素材	2	室内设计;泳池室内设计	4	3;4	AB
397	听说了张昕宇的故事，挺感兴趣的	3	侣行;侣行 索马里;侣行 南极	5	3;4;5	AB
398	搜集3dmax大作业素材	4	死神来了 走廊;死神 走廊 足球;室内 走廊;室内 走廊 房间	3	1;1;3;4	AB
399	搜集大作业场景细节	4	动画 求婚;动画 求婚 室内;动画 求婚 室内 玫瑰;室内求婚创意	4	4;1;1;4	AB
400	大作业主人公小时候的场景图片	2	动画 婴儿车;动画 婴儿床	3	4;5	AB
401	搜大作业细节，课堂场景	2	动画 课堂;动画 课堂 女孩	2	3;1	AB
402	大作业女生衣服细节	3	女学生制服 动画;女生水手服 动画;女生水手服 动画 背面	5	5;5;4	AB
403	大作业室内场景	6	动画 结婚;动画 家里 室内 老年;动画 家里;动画 室内;动画 家 餐桌;动画 家 餐桌	4	4;4;4;3;3;1	AB
404	听到俄罗斯世界杯主题曲，想看看德国队本届世界杯队服	3	2018 世界杯 德国;2018 世界杯 德国 队服;2018世界杯吉祥物	5	4;5;5	AG
405	最近美国又对叙利亚发动了战争，想看看叙利亚的照片	5	叙利亚内战情况;叙利亚内战 建筑;叙利亚 地图;中东 地图;中东地图高清中文版	5	5;5;4;4;4	AB
406	看了《上学记》，想看看何兆武的样子	2	何兆武;何兆武 清华	4	5;5	AH
407	读了反脆弱，想了解一下书中提到的塞涅卡	1	塞涅卡	3	3	AB
408	英语作业，了解达芬奇的艺术作品	7	达芬奇 艺术;达芬奇 人体;抱银鼠的女子;卢克雷齐亚·克里韦利;施洗者圣约翰;施洗者圣约翰 达芬奇;自画像 达芬奇	4	4;4;4;4;5;5;5	AF
409	看了《天才的编辑》，想了解一下伯金斯	6	伯金斯;麦克斯伯金斯;天才捕手;天才的编辑;天才捕手 伯金斯;天才捕手 伯金斯 海明威	2	2;5;5;5;1;1	AB
410	3dmax大作业寻找贴图	6	床单;床单 儿童;床单 儿童 贴图;儿童床单贴图;儿童床;儿童床单人床	4	1;1;2;5;5;5	AG
411	查找大作业贴图素材，做电脑台灯模型	28	图片;3dmax台灯贴图;儿童 台灯;3dmax贴图 彩色;3dmax贴图 彩色;台灯按钮;台灯按钮贴图;3dmax台灯按钮贴图;灯座贴图;台灯贴图;宜家台灯;电脑显示屏;按钮贴图;电脑屏幕贴图;电脑屏幕壁纸;gakki壁纸;苹果电脑贴图;金属银灰色贴图;电脑机身贴图;电脑贴图;苹果机身贴图;手机外壳贴图;银灰色贴图;金属贴图;苹果标志;苹果电脑;桌面贴图;苹果台式机	4	1;1;4;1;1;2;2;2;2;2;1;5;4;2;2;5;3;3;2;4;1;1;3;4;3;1;4;2	ABF
412	看到天下第一，想知道云罗郡主是谁扮演的	4	天下第一;天下第一云罗扮演者;陈怡蓉;陈怡蓉	5	2;5;4;4	AG
413	做作业查找74ls138真值表	1	74ls138 AEN	5	5	AF
414	大作业搜集蛋糕模型	6	生日蛋糕;生日蛋糕一岁;生日蛋糕创意;婴儿生日蛋糕创意;婴儿一周岁生日蛋糕创意;婴儿生日蛋糕创意	5	4;2;2;4;5;2	ABC
415	大作业搜集钟表模型图片	10	钟表;电子钟表;挂式 电子钟表;电子钟表挂钟客厅图片;简约创意挂钟客厅钟表;简约创意挂钟 电子钟表;墙上 电子钟表;电子钟表;6点半陈翔;电子钟表 6点	2	2;3;1;1;1;1;1;1;1;1	ABG
416	查找3dmax大作业的贴图和模型素材	31	婴儿床;婴儿床 玩具;婴儿床上吊的玩具;婴儿床床铃;婴儿床铃;婴儿床铃玩具;婴儿床床单;婴儿床床单贴图;床单贴图;木材;木材贴图;木材贴图素材;相框;老年生活用品;老花镜;复古老花镜;茶杯;老年茶杯;老年生活;老年生活用品;老年摇椅;一家人卡通;动画毕业照;动画生活照片;动画老年生活照片;动画奶奶生活照片;老年摇椅动画;床单贴图卡通;书柜;儿童书柜;儿童书柜	5	4;1;3;2;1;4;2;1;1;3;4;4;4;1;1;3;1;2;2;1;1;4;5;2;2;3;3;5;1;5;2	AC
417	找3dmax作业素材	6	塑料贴图;塑料瓶贴图;塑料图;塑料瓶;塑料瓶贴图;塑料瓶	4	1;1;1;2;3;4	AF
418	找英语pre的照片	7	原研哉;设计中的设计;设计中的设计 封面;原研哉设计中的设计;无印良品;无印良品原研哉;原研哉设计作品	5	3;3;3;5;3;5;4	ABF
419	英语pre素材搜集	2	原研哉;原研哉设计作品	4	4;4	AFG
420	搜集英语pre的素材	6	原研哉银座设计作品;原研哉鸟屋书店;原研哉银座地平线海报;原研哉松屋购物袋;原研哉地平线海报;无印良品宣传海报“地平线	5	4;3;3;4;3;5	AG
421	搜集3dmax大作业素材	3	毛绒玩具熊;毛绒玩具熊毛发;毛绒玩具材质贴图	5	3;2;4	AG
422	搜集3dmax制作蛋糕的材质	5	杯子蛋糕;杯子蛋糕材质;杯子蛋糕材质贴图;蛋糕贴图;杯子蛋糕贴图	4	3;5;4;5;2	AC
423	搜集3dmax大作业贴图素材	15	杯子蛋糕纸;草莓;绳子;草莓贴图;婴儿床玩具;婴儿床架玩具;婴儿床挂玩具;粉色棉布;钻石;钻石贴图;松鼠;奶牛;hello kitty 3d;hello kitty 立体;hello kitty	4	3;3;5;5;1;1;1;3;5;2;4;2;4;4;1	AC
424	查找3dmax大作业相片贴图	11	奶牛图片卡通;人物卡通图片;夫妻卡通图片;一家人卡通;卡通相片贴图;卡通照片贴图;认为卡通照片贴图;人物卡通照片贴图;老头卡通;小孩卡通;背书包的小孩卡通图片	4	4;2;3;1;1;1;2;1;2;5;5	BC
425	在写ros学习的文档，想找两轮ros小车的图片素材	6	两轮ROS小车;两轮玩具车;两轮机器人小车;rikirobot;ros小车两轮差分;ros玩具小车	1	1;1;2;1;1;1	AD
426	上当代哲学课听说了哈贝马斯，想看看他长什么样	1	哈贝马斯	5	5	AB
427	这星期命运石之门更新，想搜一下好看的动漫图片	1	命运石之门	3	4	AC
428	天文学导论课，需要认识星图。	2	星图;冬季大三角	3	3;4	ACE
429	查询旅游景点	4	青岛崂山;青岛崂山仰口;青岛栈桥;八大关	4	3;3;4;3	ABG
430	更换壁纸	2	梅西 壁纸;梅西壁纸高清	3	3;3	CFG
431	想画一个关于旅行的简笔画	3	旅行主题 简笔画;旅行;旅行青蛙	2	2;3;3	ABG
432	想随便看看喜欢的明星的照片	1	宋祖儿	4	4	ABG
433	在热搜榜上看到创造101，比较好奇地搜了一下。	2	创造101;孟美岐	4	4;4	AB
434	想找个夏目友人帐的图片当头像。	2	夏目友人帐头像;夏目友人帐三三图片	4	4;4	CG
435	秀米推送的封面图片为一只猫往前看的图片。搜索类似的当做微信推送的封面，搜索肥猫表情包没有搜索到太合适的，决定使用《夏目友人帐》的毛姆老师作为封面	7	肥猫表情包;肥猫表情包;一只肥猫表情包;肥猫抻懒腰;一只肥猫表情包;肥猫表情包;夏目友人帐 猫咪老师	4	4;3;3;2;2;2;5	ADI
436	秀米编辑推送原来封面图为柴犬抱鱼的表情包，搜索柴犬抱鱼没有合适的表情包，所以最后选择柴犬表情包作为封面	4	柴犬 抱鱼;柴犬表情包;柴犬表情包;柴犬表情包	4	4;4;5;4	AD
437	微信推送为学校内洗衣店分部价格，寻找晾衣的图片	2	晾衣;晾衣 卡通	4	4;4	ACD
438	小马杯羽毛球战报推送，需要羽毛球剪影的图片作为推送封面	3	羽毛球剪影;羽毛球剪影;羽毛球彩色剪影	4	4;5;4	ACD
439	推送需要使用系馆照片	5	清华大学何添楼;清华大学化学系何添楼;清华大学化学馆;清华大学化学馆正照;清华大学化学馆	2	3;3;3;2;2	AEG
440	推送中使用老板三国演义的表情包，需要原版图片	5	诸葛孔明;王朗吐血;诸葛孔明;诸葛亮;诸葛亮 厚颜无耻	5	3;5;5;4;4	AI
441	推送中使用近代西方科学家的图片	4	西方名人;西方名人 坐像画;西方名人 线稿;牛顿	3	3;3;3;4	AC
442	推送封面图需要	1	问号	5	5	AD
443	推送中需要使用指环图片，且最好为浅色背景	7	魔法戒指;指环王 魔戒;魔法戒指;魔法指环;魔法指环;水晶戒指;指环	4	4;3;4;4;4;2;5	AEI
444	学生节主题推送中需要使用的图片	9	概率论与数理统计;白大褂;白大褂 卡通;欧皇寿命极短;跷跷板;跷跷板 卡通;气体;圆形;可燃	3	5;2;2;5;3;5;2;4;4	ACG
445	推送生活周报封面使用图片	1	夏目友人帐	5	5	AFG
446	外联部留学推送为普林斯顿大学的留学，封面使用普林斯顿大学的照片	1	普林斯顿大学	5	5	ADG
447	游戏中发现一个特殊的武器，新版与旧版不同，就去查了下旧武器的属性	1	吞日者	5	5	AE
448	查阅下正定的概念，想寻找一些例子和资料	1	函数正定	2	2	AE
449	学习《信号与系统》时，想寻找更多有关解卷积和图解法的知识	1	卷积	4	5	AB
450	下午篮球课讲解联防战术，先在网上搜索下大致情况	1	联防	4	4	AH
451	观看《头文字D second stage》藤原拓海VS须藤京一后，对上世纪末的WRC王者LAN EVO枪骑兵产生了一些兴趣	1	lan evo 3	4	4	ACG
452	做模电仿真大作业时查阅JFET的原理	1	JFET	5	5	AE
453	今天晚上看了赵丽颖的官方微博，想要再看看她的最近情况，很希望她和林更新。	3	赵丽颖;赵丽颖林更新;赵丽颖林更新聊天图片	4	5;5;4	AG
454	今天咨询了一下美容师，想要做一些瘦脸方面的了解。	7	瘦脸;瘦脸针前后对比照片;瘦脸针多久有效果图;瘦脸操;瘦脸霜;瘦脸食物;瘦脸精油	5	4;5;3;5;3;5;3	AB
455	今天看了一下金三顺的电视剧, 想随便看看喜欢的明星最近的写真	2	金三顺;我叫金三顺玄彬	5	5;4	ACG
456	今天上课比较无聊, 想随便看看喜欢的桌面，换一下风格	2	Chrome皮肤;Chrome皮肤	4	4;4	CDG
457	今天上课比较无聊, 想随便看看捉妖记的相关图片	1	捉妖记2	4	3	AG
458	今天看了个关于云南旅游的推送，考虑去云南旅游，看一下大理的照片看是否值得去。	2	大理;大理古城	4	4;5	AC
459	想去玉渊潭公园玩，搜一下	2	玉渊潭;玉渊潭公园	3	4;4	AH
460	最近叙利亚遭空袭很热门，想了解一下	2	叙利亚首都遭空袭;叙利亚首都	4	4;5	AH
461	网上看到叙利亚大使的描述，想了解一下	2	叙利亚大使;叙利亚外交官	5	5;4	AG
462	最近表情包没得用了，想搜一下	5	表情包;表情包动态图;表情包可爱;表情包搞笑;表情包素材	5	4;4;4;4;5	AG
463	想去看樱花，了解一下	4	樱花;樱花大道;樱花树;樱花草	5	5;5;5;5	AG
464	今天詹姆斯绝杀，想搜一下球员的现在和小时候的照片	4	詹姆斯;詹姆斯小时候;詹姆斯扣篮;詹姆斯绝杀	4	5;5;4;5	AG
465	今天看NBA，想搜一下球员的现在和小时候的照片	5	科比;科比退役;科比小时候;科比绝杀;科比扣篮	5	5;4;5;4;5	AG
466	今天看NBA，想搜一下球员的现在和小时候的照片	4	库里;库里小时候;库里扣篮;库里绝杀	4	5;4;5;4	AF
467	觉得神盾局里的菲兹挺帅的，想搜一下	3	菲兹;神盾局菲兹;神盾局第5季菲兹	4	4;5;4	AG
468	想了解一下神盾局里的黛西	10	神盾局黛西;黛西;黛西 约翰逊;黛西·雷德利;黛西米勒;黛西本杰明;黛西 约翰逊;黛西 约翰逊扮演着;黛西 约翰逊扮演者;汪可盈	5	4;4;5;3;4;3;3;4;4;5	AG
469	昨天发现自行车轴承异响，中午去换掉了，想了解一下轴承具体原理	4	自行车轴承;自行车踏板轴承;自行车五通轴承;自行车五通轴承	4	3;2;5;5	AB
470	下午突然想到宾利车标好像不是对称的，于是上网找了一下，顺便找了几款不同的车，看实际的车标	4	宾利车标;宾利飞驰;宾利欧陆;宾利慕尚	5	4;5;5;5	AB
471	下午突然想到心心念念的轿跑，，于是搜图看了一波	4	宝马m6;宝马m6 蓝色;奥迪a7;奥迪a7 蓝色	5	5;5;5;5	ACG
472	前几天看到朋友圈说博雅塔开灯了，刚刚突然想起来，就想看看夜景以及航拍的样子	4	博雅塔;博雅塔 开灯;博雅塔 航拍;博雅塔 全景	5	3;5;2;5	AG
473	晚上想起隔壁也快校庆了，想看看有什么活动	4	北京大学 校庆;北京大学 120校庆;北京大学 120校庆 活动安排;北京大学 120校庆 主题活动安排	5	3;3;5;5	AE
474	下午看到曼哈顿距离突然想看看曼哈顿街道到底有多方正	4	曼哈顿;曼哈顿 城市平面;美国 湾区;曼哈顿博士	4	4;5;3;2	AD
475	晚上刷完牙突然想了解一下牙刷原理	4	电动牙刷原理;电动牙刷;电动牙刷 充电原理;声波 电动牙刷 原理	4	5;3;5;4	AB
476	晚上突然想找个电脑壁纸	4	mac壁纸;mac壁纸超高清;mac壁纸超高清 幸运;mac壁纸超高清 星云	4	4;4;4;5	AFG
477	晚上和同学斗图，小猪佩奇表情不够，于是找了找，，，	6	小猪佩奇;小猪佩奇 表情;小猪佩奇 墨镜;小猪佩奇墨镜表情包;小猪佩奇墨镜雪茄;佩奇墨镜雪茄金链子	4	4;5;2;2;2;1	ABF
478	项目需要，需要找所有985大学的学校logo	27	985高校 及 logo;北京大学 logo;复旦大学 logo;武汉大学 logo;上海交通大学 logo;国防科学技术大学 logo;吉林大学 logo;中国科学技术大学 logo;华中科技大学 logo;四川大学 logo;北京师范大学 logo;南开大学 logo;西安交通大学 logo;中南大学 logo;同济大学 logo;山东大学 logo;东南大学 logo;北京航空航天大学 logo;北京航空航天大学 logo;东北大学 logo;华东师范大学 logo;华南理工大学logo;湖南大学 logo;兰州大学 logo;电子科技大学 logo;中国海洋大学 logo;中央民族大学 logo	5	3;5;5;5;5;5;5;4;5;5;5;5;5;5;5;5;5;5;5;5;5;5;5;5;5;5;5	AF
479	突然想看看网上认为哪个校门是学校的主校门	3	清华大学 荷清路;清华大学 注销们;清华大学 主校门	3	3;1;3	AH
480	看到一篇推送里面的受访嘉宾叫 云峰，，就想看看长啥样，结果都是 云峰。。	1	云峰	1	2	AB
481	今晚突然想了解一下目前拥有贯通式空调出风口的车型有哪些	7	中控一体;汽车空调出风口 贯通;迈腾空调出风口 贯通;全新贯通式空调出风口;奥迪 贯通式空调出风口;沃尔沃 贯通式空调出风口;特斯拉 贯通式空调出风口	5	3;2;5;2;4;2;3	AB
482	突然想看金元帅的座驾	6	金正恩专列;金正恩专列 大连;金正恩专列 中国;金正恩专机 中国;金正恩专机 大连;金正恩开飞机	4	4;3;4;5;5;5	AC
483	想找mastermind的logo	6	mastermind;mastermind taipei;骷髅头 胎胚;骷髅头 taipei;骷髅头 logo;骷髅头 品牌	4	5;3;1;4;5;5	AB
484	想看看厦门佰翔酒店长什么样，顺便查了另外几家知名酒店	4	厦门佰翔酒店;厦门悦华酒店;厦门荣誉酒店;泉州悦泉行馆	5	5;5;5;5	AG
485	想看厦门环岛路沿线的几个景点	3	厦大白城新校门;厦大白城沙滩;厦门世贸双子塔	5	5;5;5	AG
486	听说稻香春其实有两个品牌，容易买错，于是查一下商标	3	稻香春;北京稻香春 logo;苏州稻香春 logo	5	3;5;5	AH
487	想看看目前朝鲜城乡差距	2	朝鲜农村;朝鲜分界线	5	5;5	AB
488	想看看空军绕台被占位照片以及现有较先进战机的照片	5	绕台 占位;空军绕台 占位;轰6k绕台 占位;轰20真实图片;歼20	5	2;4;4;4;5	AB
489	今天在实验室寻找论文实验图片。	2	800*800;800*800 png	3	2;3	ADE
490	查看手机图片，换手机	2	小米mix2;小米mix2手机	5	4;5	ACG
491	寻找论文实验素材	1	800*800	5	5	AB
492	更换电脑壁纸	2	壁纸;简约壁纸	5	5;5	DFG
493	ppt素材 时间轴	3	时间轴;时间轴素材;时间轴素材 简洁	5	5;5;5	AG
494	突然看到黄山相关的新闻，好奇查询	3	jpeg;黄山;黄山	4	3;5;5	CG
495	对我是歌手节目感兴趣，查看相关情况	2	歌手排名;歌手排名霍尊	5	4;4	AG
496	ppt制作素材	1	小波变换	3	4	AF
497	换一款可爱的壁纸	4	壁纸;壁纸;壁纸 卡通;壁纸 史努比	5	5;5;5;5	CFG
498	想买软糖吃	2	水果糖;软糖	4	4;4	BC
499	怀念母校	5	华科;华科光电学院;华科 胡锦涛;华科 最新;华科 绝望坡	5	5;5;5;5;5	AI
500	昨天魅族新机发布，感兴趣搜索了解一下	6	魅族15;魅族15真机曝光;魅族15真机;魅族mx5拆机图解;魅族mx6拆机图解;魅族mx6卡在meizu界面	5	5;5;5;5;4;3	AC
501	对魅族感兴趣	1	flyme7	5	5	AF
502	新生赛即将购买队服，搜索作为参考。	5	篮球服;篮球服 学生;篮球服 学生男;篮球服 帅气;篮球服 清华	4	3;4;2;4;2	AG
503	新买的ipad，搜索一些壁纸。	5	ipad壁纸;ipad壁纸 9.7;ipad壁纸 清新;ipad桌面壁纸;ipad 壁纸 卡通	3	2;4;3;3;2	ABC
504	突然怀念吉卜力动画还有宫崎骏大师。	5	吉卜力公园;吉卜力动画;千与千寻;千与千寻壁纸;飞猪	5	4;5;5;5;1	ABE
505	打完篮球后，搜索科比标准跳投进行学习。	8	科比·布莱恩特;科比 跳投;科比跳投gif;科比 跳投练习;科比 麦迪 卡特照片;科比 麦迪 照片;科比 麦迪 照片 背影;科比 麦迪	5	5;4;5;4;3;5;2;4	AE
506	今天想找一些关于小猪佩奇的图片，因为他很可爱。	6	小猪佩奇;小猪佩奇头像;小猪佩奇头像 情侣;小猪佩奇头像 表情包;小猪佩奇头像社会人;小猪佩奇中文版	4	4;4;5;5;3;4	AC
507	查询手机相关内容。	9	魅族15;魅族15 蓝色;魅族15 汝窑白;魅族15 壁纸;魅族壁纸;魅族壁纸手机壁纸;华为p20;华为p20壁纸;华为手机壁纸	2	2;1;2;2;4;2;5;1;4	ADF
508	今天北京的蓝天勾起我对北京恶劣天气的好奇。	7	北京沙城暴;北京沙尘暴;北京沙尘暴 清华大学;沙尘暴 清华大学;北京雾霾;北京雾霾 最严重;北京蓝天	4	5;5;2;2;5;5;5	AI
509	今天在实验室里搜索图片实验素材。	4	800*800;800*800 图片;800*800 png;800*800 简约	3	3;2;4;2	DE
510	今天浏览陈冠希新闻，好奇他年轻时候模样。	7	陈冠希;陈冠希 吸血;陈冠希 年轻;陈冠希 吸血鬼日志;陈冠希 吸血鬼日记;陈冠希;陈冠希 女儿	4	4;1;1;1;1;4;3	AB
511	今天看到世界高楼排行版，产生兴趣所以搜索一下。	6	中国第一高楼;上海高楼;上海世贸大厦;纽约高楼;纽约帝国;纽约帝国大厦	4	5;5;5;4;4;5	AG
512	写一篇关于卢沟桥的微信推送，查找相关图片。	11	卢沟桥;马可波罗;联拱桥;永定河;七七事变 旧照;七七事变卢沟桥;七七事变结果;卢沟桥的狮子;卢沟桥的文化;卢沟桥的文物;卢沟桥	5	5;3;5;5;5;5;5;5;5;4;5	AFH
513	制作宣传海报。	7	卢沟桥;宛平古城;宛平县衙;兴隆寺;中国人民抗日战争纪念馆;中国人民抗日战争纪念馆 内部;中国人民抗日战争纪念园	5	5;5;5;5;5;5;5	AC
514	看了新闻报道，对坚果r1比较感兴趣。	3	坚果r1;坚果pro;坚果r1 白色	4	4;4;5	AF
515	今天看的一本书，里面的主角是一个运动员，涉及到的运动有标枪，所以想查看一下。	3	标枪;比赛标枪;比赛标枪	3	4;5;5	AG
516	今天上史纲课，我们需要准备一个百年百影的展示，所以回忆起了霸王别姬这部电影，想要看看相关的照片。	1	霸王别姬	5	4	AG
517	看书过程中个 一位主角的工作是制作书雕 所以想看看真实的书雕长什么样	3	书雕;艺术品书雕;艺术品旧书书雕	4	5;5;5	CG
518	今天制作史纲课展示要用的PPT  主题是中国电影发展与代表 所以搜集了很多相关图片	23	定军山谭鑫培;孤儿救祖记;火烧红莲寺;1928电影火烧红莲寺;电影最近行动网领;最近行动网领;左翼电影;电影木兰从军;电影孔夫子;1940电影孔夫子;电影南泥湾;电影白求恩大夫;一江春水向东流;一江春水向东流;电影一江春水向东流;电影八千里路云和月;电影桥;电影桥吴印咸;白毛女;电影白毛女;电影天仙配;电影梁山伯与祝英台;电影1954梁山伯与祝英台	5	5;5;3;5;1;1;2;5;3;5;2;5;3;3;5;5;1;1;3;5;5;2;5	AFG
519	今天看书的时候 书中对于主角的描述涉及到了这两个关键词 很好奇 所以搜查看看	2	美人尖;眼型	4	4;3	AC
520	史纲课展示主题是百年电影 所以搜集了相关图片以供展示需要	2	定军山;电影小城之春	4	3;5	AF
521	小说里涉及到眼型的描写 很好奇 想看看相关图片	1	眼型	3	3	AB
522	土木生态工程课的作业是制作学校内关于花的海报 所以搜集了海报相关素材和花朵照片 来构思自己的海报并且完成作业 	22	槐树;槐树花;槐树花;介绍花的海报;介绍真花的海报;介绍花的品种;介绍花的品种海报;花店海报;花店宣传单;文艺花店宣传单;清新A3背景;清新背景图片;清新淡雅背景图片;简洁纯色;清新可爱背景图片;清新A3背景;清爽简约背景图片;清新水墨背景图片;重瓣棣棠花;点地梅;点地梅花苞;点地梅盛开过程	3	4;4;4;2;2;2;2;4;3;4;2;2;2;4;2;2;3;3;4;3;1;1	AFG
523	英语课要做展示PPT 选择的主题是和陶瓷相关的 所以搜集了陶瓷制作过程的图片 希望找到素材用来完成PPT	26	瓷器;粉彩瓷器;高清手工瓷器;瓷石;手造中国;瓷器的烧制;土窑;土窑烧瓷器;柴窑烧瓷器;釉上彩;烧瓷场面;柴窑;工匠上釉;上釉过程;泼釉;中国工匠上釉;上釉;拉坯;利坯;瓷泥;瓷泥块;瓷土块;手工瓷器;瓷土;瓷器拼图;景德镇瓷土块	2	1;2;2;2;2;2;2;2;2;3;2;1;2;1;1;2;1;4;4;2;2;3;1;3;1;4	AFG
524	暑假计划去日本游玩 所以搜索了一下当地景色想要看看	5	日本;日本夏季;日本旅游;东京;涩谷	4	3;3;3;4;4	AG
525	今天下午做汇报PPT，需要用到中石油的logo，想搜一个适合放到PPT头部的logo	2	中石油logo;中石油 横排logo	4	2;4	ADF
526	晚上需要做个PPT，差一些网络结构，来反映复杂度	4	网络;网络结构;网络结构图;计算机网络	4	3;5;5;2	ABG
527	4月17日项目要做PPT，需要用到中石油的logo	1	中石油 横排logo	4	5	AE
528	4月17日下午做PPT需要用到计算机网络图片	1	计算机网络	5	5	ADE
529	4月19号要去办签证，提前搜索大使馆	2	美国签证大使馆;美国签证大使馆	5	5;5	AEG
530	最近在帮一个游学机构招募导师，想看一下招募导师的海报怎么做比较好，需要强调哪些信息	4	导师招募海报;辅导员招募海报;暑期游学辅导员招募海报;暑期游学辅导员招募海报	2	2;2;3;2	AB
531	最近两天终于看了大鱼海棠，因为真的很喜欢湫的配音，但是剧情实在是太智障了，看了一半气得我关了，连双儿都救不了这智障的剧情，我想打死女主，所以好奇哪个智障编剧编的剧本，就查了一下。。。。。	1	大鱼海棠编剧	4	4	AH
532	我一个特别喜欢的配音演员说配了这部游戏的男主，所以想搜一搜看看男主长什么样子，剧情怎么样。	3	人鱼传说之长生烛;人鱼传说之长生烛男主;人鱼传说之长生烛山有木兮	4	3;4;4	AB
533	最近看了一本小说，想找找图片，看看有没有同人图，后来发现有了电视剧，就像看看男主，然后很失望，长得不好看。。。	7	降龙;降龙尼罗;尼罗降龙男主;尼罗降龙电视剧;降龙之白露为霜男主;降龙之白露为霜主演;降龙之白露为霜主演	4	2;3;4;4;3;4;4	ABH
534	最近一个pta关于香港儿童福利的，需要一些相关资料和图片，具体就不细说啦~	3	香港儿童滥用药物;香港儿童drug;香港儿童abuse	3	2;4;4	AH
535	最近报名了舞协一个排舞蹈视频的活动，想看看这个相关节目，然后发现有些听过名字，就查一查	5	101女团焦曼婷;101女团sunshine;101女团导师;101女团导师团;101女团	4	4;3;4;4;4	ABH
536	照镜子忽然发现单眼皮上面长了一条线，不知道是不是要张双眼皮了，所以超开心来查一下	7	肿眼泡;肿眼泡双眼皮;单眼皮有条线;眼皮上有条线;眼皮褶皱;上眼皮褶皱;单眼皮上眼皮褶皱	4	4;4;4;3;4;4;3	ABH
537	最近参加了舞协的一个活动，教学视频是个我不认识的男明星，所以想查一下他	2	王一博;王一博关晓彤	4	4;4	AEG
538	还是做得项目的资料	5	大麻糖;毒品糖;香港毒品糖;毒品饮料;香港毒品饮料	3	2;4;3;3;3	ABH
539	听说魔道祖师拍电视剧了？我是来看兄弟情，拜把子的。。。	7	魔道祖师陈情令;魔道祖师动漫;魔道祖师动漫人设图;肖洋;魔道祖师魏无羡;魔道祖师魏无羡演员;肖战	5	5;5;5;1;3;4;5	ABH
540	最近疯狂想烫卷发以及挑染，所以查一查	5	染发;长发卷发;长发卷发挑染;紫色长发挑染;蓝色长发挑染	5	5;5;5;5;5	ACG
541	听说我家双儿又配了一个男主角，懒得看了，所以来查查男主长什么样子	6	幸福近在咫尺;幸福近在咫尺男主图片;王牧野;幸福近在咫尺;幸福近在咫尺方牧野;幸福近在咫尺王子奇	5	5;5;2;5;5;5	AG
542	最近三天做了一个汽车论坛的志愿者，挺感兴趣的，所以查一下	6	北京车展;北京车展志愿者;中国汽车论坛;中国汽车论坛;中国汽车论坛2018;2018中国汽车论坛志愿者	4	4;2;3;2;5;2	AH
543	准备五一去看个漫展，提前查一查漫展现场的图。	3	ido漫展;2018ido漫展;2018ido漫展	5	3;5;5	ABH
544	最近无聊在b站上看了一点小姐姐们，还看了寄明月，随便刷一刷图	6	寄明月;寄明月舞蹈服装;寄明月女团;赖美云;赖美云寄明月;段奥娟	5	3;3;4;5;4;4	ABG
545	最近对宅舞很感兴趣，所以就随便搜了搜	5	宅舞;宅舞极乐净土;咬人猫;紫嘉儿;极乐净土张一山	4	4;4;5;5;4	AC
546	随便搜一搜，看101据说不会跳舞	1	鹿小草	5	4	AB
547	我最近很喜欢的两个配音小哥哥，人帅声苏，所以来收收图	3	刘明月;配音刘明月;李兰陵刘明月	3	2;3;3	ABG
548	我朋友过生日，给她写生贺文的时候搜图片来着	8	生日;情书;刘彤仪;刘彤仪;刘彤仪篮球;打篮球;篮球;刘彤仪	4	2;5;4;2;3;2;5;2	ADF
549	向美容，想剪发，随便搜一搜	2	潘达眼贴;卷发挑染	4	4;4	AH
550	明天要去锤子科技新品发布会做志愿者，老实说以前真没关注过这家公司，所以随便查一查	7	锤子科技;锤子科技坚果pro;锤子坚果pro参数;锤子科技新品发布会;锤子科技罗永浩;锤子科技鸟巢;锤子科技鸟巢	4	4;4;4;4;4;4;4	AH
551	最近认真想减肥，关注一下自己的问题	15	斜方肌;斜方肌起止点;斜方肌;斜方肌拉伸方法图解;拉伸小腿正确方法图解;怎样拉伸小腿肌肉图解;腓肠肌;腓肠肌起止点;小腿肌肉;比目鱼肌;小腿一大块肌肉;肌肉型小腿;怎么瘦肌肉型小腿图解;斜方肌大;斜方肌厚	4	4;5;4;4;4;4;4;4;4;4;4;4;4;4;4	AH
552	看创造101，搜搜小姐姐们	8	张紫宁;张紫宁中国传媒大学;创造101张紫宁;创造101吴宣仪;创造101葛佳慧;创造101杨芸晴;创造101yamy图片;创造101孟美岐	4	4;4;4;4;4;4;4;4	AGH
553	查询图片素材	1	紫色炫光	2	2	ADF
554	制作PPT，需要找一个小人的图标	2	ppt 图标素材 小人;ppt 图标素材	3	3;4	ACF
555	寻找一只鸡在奔跑的表情包	2	奔跑鸡 表情包;一只鸡奔跑的表情包	2	2;2	AF
